sample_id,cluster_label
0,5
1,0
2,1
3,5
4,2
5,2
6,2
7,3
8,0
9,1
10,4
11,3
12,1
13,0
14,3
15,0
16,5
17,1
18,1
19,3
20,3
21,0
22,4
23,2
24,3
25,2
26,3
27,5
28,4
29,2
30,1
31,4
32,1
33,3
34,2
35,1
36,1
37,3
38,4
39,1
40,2
41,3
42,2
43,1
44,1
45,2
46,3
47,3
48,1
49,2
50,3
51,2
52,0
53,2
54,0
55,4
56,-1
57,4
58,2
59,3
60,2
61,1
62,5
63,4
64,1
65,0
66,3
67,5
68,3
69,3
70,3
71,0
72,1
73,1
74,4
75,2
76,2
77,1
78,1
79,3
80,2
81,5
82,-1
83,4
84,2
85,4
86,1
87,4
88,4
89,1
90,0
91,3
92,4
93,4
94,4
95,3
96,4
97,3
98,5
99,5
100,3
101,-1
102,4
103,5
104,4
105,2
106,1
107,4
108,5
109,-1
110,2
111,0
112,4
113,5
114,1
115,1
116,2
117,0
118,3
119,4
120,3
121,2
122,0
123,3
124,5
125,3
126,1
127,0
128,4
129,3
130,1
131,4
132,5
133,-1
134,2
135,2
136,0
137,5
138,5
139,1
140,0
141,1
142,1
143,4
144,5
145,1
146,0
147,-1
148,4
149,5
150,4
151,3
152,4
153,1
154,5
155,3
156,1
157,4
158,4
159,-1
160,2
161,1
162,5
163,5
164,2
165,0
166,0
167,3
168,3
169,1
170,4
171,-1
172,4
173,3
174,3
175,4
176,4
177,4
178,4
179,5
180,4
181,2
182,3
183,3
184,1
185,2
186,1
187,-1
188,2
189,1
190,2
191,4
192,0
193,2
194,0
195,0
196,5
197,-1
198,5
199,5
200,5
201,0
202,-1
203,5
204,1
205,3
206,4
207,2
208,5
209,1
210,3
211,1
212,-1
213,5
214,-1
215,3
216,4
217,2
218,1
219,2
220,5
221,2
222,1
223,0
224,4
225,1
226,2
227,4
228,-1
229,4
230,4
231,3
232,3
233,0
234,3
235,5
236,-1
237,0
238,2
239,5
240,2
241,4
242,-1
243,1
244,5
245,4
246,2
247,5
248,-1
249,2
250,0
251,1
252,-1
253,0
254,-1
255,1
256,5
257,1
258,3
259,5
260,2
261,5
262,2
263,5
264,1
265,1
266,2
267,1
268,0
269,0
270,0
271,4
272,-1
273,5
274,0
275,4
276,5
277,1
278,2
279,5
280,5
281,2
282,4
283,-1
284,3
285,5
286,0
287,2
288,3
289,3
290,5
291,-1
292,2
293,2
294,1
295,0
296,1
297,2
298,-1
299,1
300,-1
301,1
302,-1
303,1
304,1
305,1
306,-1
307,4
308,4
309,4
310,5
311,0
312,1
313,3
314,5
315,2
316,1
317,2
318,0
319,0
320,0
321,0
322,4
323,5
324,5
325,3
326,1
327,5
328,3
329,4
330,3
331,5
332,0
333,4
334,2
335,0
336,4
337,4
338,2
339,2
340,5
341,1
342,0
343,0
344,1
345,3
346,4
347,5
348,3
349,5
350,5
351,5
352,2
353,3
354,0
355,5
356,0
357,1
358,2
359,-1
360,1
361,4
362,-1
363,5
364,3
365,1
366,0
367,2
368,5
369,-1
370,4
371,1
372,5
373,3
374,4
375,1
376,4
377,-1
378,-1
379,5
380,-1
381,0
382,4
383,3
384,2
385,2
386,0
387,2
388,2
389,0
390,5
391,4
392,-1
393,0
394,-1
395,2
396,2
397,5
398,-1
399,4
400,3
401,0
402,4
403,2
404,1
405,1
406,4
407,1
408,5
409,2
410,5
411,4
412,3
413,5
414,1
415,1
416,-1
417,1
418,2
419,4
420,-1
421,1
422,3
423,1
424,0
425,2
426,0
427,2
428,2
429,4
430,4
431,4
432,5
433,5
434,4
435,0
436,-1
437,2
438,0
439,1
440,4
441,4
442,2
443,1
444,5
445,1
446,0
447,5
448,0
449,4
450,2
451,-1
452,1
453,4
454,-1
455,4
456,0
457,1
458,3
459,5
460,1
461,3
462,0
463,4
464,2
465,0
466,-1
467,0
468,5
469,0
470,0
471,5
472,1
473,0
474,1
475,0
476,3
477,2
478,4
479,0
480,3
481,5
482,2
483,1
484,5
485,4
486,0
487,-1
488,3
489,-1
490,1
491,5
492,0
493,3
494,2
495,0
496,5
497,4
498,2
499,1
500,2
501,5
502,4
503,0
504,0
505,2
506,-1
507,-1
508,2
509,1
510,1
511,4
512,4
513,4
514,0
515,4
516,4
517,-1
518,0
519,4
520,3
521,2
522,3
523,3
524,0
525,4
526,-1
527,3
528,2
529,2
530,0
531,4
532,2
533,3
534,2
535,5
536,3
537,2
538,2
539,3
540,0
541,3
542,-1
543,5
544,-1
545,1
546,2
547,1
548,2
549,4
550,2
551,-1
552,5
553,0
554,2
555,4
556,2
557,4
558,0
559,1
560,5
561,2
562,4
563,-1
564,3
565,4
566,4
567,-1
568,4
569,3
570,1
571,1
572,-1
573,4
574,-1
575,3
576,2
577,1
578,3
579,2
580,4
581,4
582,0
583,2
584,1
585,3
586,4
587,5
588,0
589,4
590,2
591,5
592,1
593,1
594,1
595,0
596,4
597,3
598,4
599,5
600,4
601,3
602,0
603,1
604,1
605,2
606,2
607,5
608,5
609,5
610,0
611,4
612,2
613,0
614,5
615,2
616,4
617,5
618,3
619,4
620,5
621,5
622,3
623,5
624,2
625,0
626,4
627,-1
628,5
629,3
630,3
631,2
632,3
633,2
634,4
635,4
636,5
637,3
638,0
639,5
640,1
641,1
642,0
643,5
644,4
645,5
646,3
647,4
648,3
649,1
650,1
651,1
652,-1
653,0
654,3
655,1
656,2
657,1
658,1
659,2
660,1
661,2
662,1
663,2
664,3
665,3
666,-1
667,3
668,0
669,1
670,4
671,2
672,4
673,1
674,4
675,2
676,2
677,0
678,2
679,0
680,4
681,3
682,5
683,0
684,4
685,5
686,4
687,2
688,4
689,4
690,0
691,1
692,4
693,1
694,2
695,0
696,2
697,1
698,1
699,3
700,5
701,2
702,2
703,3
704,0
705,2
706,-1
707,4
708,0
709,4
710,4
711,2
712,1
713,1
714,5
715,4
716,1
717,2
718,-1
719,2
720,5
721,2
722,3
723,3
724,1
725,0
726,2
727,2
728,2
729,0
730,4
731,5
732,4
733,5
734,1
735,2
736,2
737,1
738,-1
739,0
740,1
741,5
742,3
743,3
744,1
745,0
746,4
747,0
748,1
749,0
750,5
751,3
752,4
753,2
754,5
755,1
756,1
757,-1
758,5
759,0
760,4
761,0
762,2
763,5
764,3
765,-1
766,2
767,-1
768,4
769,0
770,5
771,1
772,4
773,5
774,0
775,2
776,0
777,0
778,-1
779,-1
780,1
781,-1
782,1
783,3
784,-1
785,4
786,3
787,1
788,3
789,1
790,5
791,5
792,1
793,2
794,4
795,3
796,2
797,0
798,5
799,0
800,3
801,0
802,4
803,1
804,0
805,1
806,5
807,1
808,5
809,-1
810,3
811,5
812,4
813,-1
814,1
815,4
816,-1
817,5
818,0
819,5
820,1
821,-1
822,3
823,4
824,2
825,4
826,2
827,4
828,1
829,3
830,3
831,4
832,3
833,-1
834,2
835,5
836,0
837,0
838,2
839,-1
840,0
841,1
842,-1
843,5
844,1
845,2
846,-1
847,4
848,4
849,3
850,4
851,4
852,2
853,1
854,-1
855,0
856,-1
857,1
858,5
859,4
860,1
861,4
862,2
863,0
864,5
865,5
866,1
867,2
868,4
869,-1
870,5
871,5
872,2
873,1
874,1
875,-1
876,1
877,1
878,1
879,0
880,0
881,0
882,5
883,0
884,2
885,2
886,0
887,0
888,2
889,0
890,2
891,0
892,1
893,0
894,4
895,3
896,0
897,5
898,4
899,5
900,0
901,5
902,4
903,2
904,-1
905,4
906,5
907,1
908,0
909,1
910,1
911,1
912,5
913,3
914,1
915,4
916,0
917,4
918,4
919,0
920,3
921,5
922,5
923,4
924,5
925,5
926,-1
927,-1
928,1
929,0
930,4
931,3
932,0
933,2
934,2
935,3
936,5
937,2
938,-1
939,2
940,1
941,2
942,1
943,1
944,5
945,4
946,1
947,5
948,0
949,1
950,2
951,5
952,5
953,1
954,5
955,0
956,1
957,1
958,-1
959,5
960,4
961,5
962,4
963,1
964,5
965,-1
966,3
967,3
968,2
969,1
970,5
971,4
972,3
973,4
974,1
975,-1
976,1
977,4
978,3
979,3
980,0
981,1
982,0
983,5
984,3
985,4
986,0
987,2
988,2
989,5
990,2
991,2
992,5
993,4
994,4
995,3
996,-1
997,4
998,2
999,0
1000,4
1001,2
1002,4
1003,2
1004,4
1005,0
1006,0
1007,2
1008,-1
1009,3
1010,2
1011,3
1012,1
1013,2
1014,1
1015,2
1016,1
1017,2
1018,1
1019,-1
1020,4
1021,4
1022,3
1023,4
1024,3
1025,2
1026,5
1027,3
1028,4
1029,2
1030,3
1031,-1
1032,-1
1033,2
1034,4
1035,-1
1036,5
1037,4
1038,-1
1039,3
1040,0
1041,0
1042,0
1043,5
1044,5
1045,2
1046,2
1047,4
1048,3
1049,1
1050,1
1051,2
1052,3
1053,-1
1054,1
1055,4
1056,5
1057,-1
1058,4
1059,0
1060,2
1061,1
1062,4
1063,2
1064,5
1065,5
1066,0
1067,-1
1068,4
1069,4
1070,-1
1071,0
1072,5
1073,2
1074,1
1075,2
1076,0
1077,3
1078,5
1079,0
1080,4
1081,1
1082,3
1083,3
1084,2
1085,3
1086,5
1087,2
1088,-1
1089,0
1090,4
1091,2
1092,2
1093,1
1094,2
1095,-1
1096,1
1097,4
1098,1
1099,3
1100,5
1101,5
1102,4
1103,-1
1104,1
1105,3
1106,3
1107,4
1108,3
1109,3
1110,1
1111,3
1112,3
1113,1
1114,2
1115,0
1116,3
1117,2
1118,1
1119,3
1120,4
1121,3
1122,3
1123,1
1124,2
1125,2
1126,0
1127,-1
1128,5
1129,4
1130,5
1131,3
1132,0
1133,4
1134,5
1135,2
1136,1
1137,5
1138,1
1139,3
1140,0
1141,0
1142,4
1143,1
1144,5
1145,3
1146,4
1147,5
1148,5
1149,3
1150,5
1151,4
1152,5
1153,3
1154,3
1155,4
1156,4
1157,1
1158,1
1159,4
1160,2
1161,5
1162,0
1163,2
1164,4
1165,2
1166,2
1167,-1
1168,0
1169,4
1170,5
1171,3
1172,1
1173,3
1174,2
1175,0
1176,-1
1177,1
1178,5
1179,-1
1180,0
1181,5
1182,1
1183,-1
1184,1
1185,5
1186,1
1187,5
1188,-1
1189,4
1190,-1
1191,4
1192,4
1193,4
1194,4
1195,1
1196,3
1197,4
1198,-1
1199,5
1200,2
1201,0
1202,0
1203,3
1204,3
1205,2
1206,0
1207,2
1208,4
1209,5
1210,4
1211,3
1212,5
1213,2
1214,2
1215,3
1216,-1
1217,1
1218,1
1219,5
1220,-1
1221,5
1222,1
1223,4
1224,-1
1225,3
1226,2
1227,2
1228,5
1229,4
1230,1
1231,1
1232,1
1233,5
1234,4
1235,0
1236,3
1237,3
1238,1
1239,0
1240,5
1241,4
1242,0
1243,-1
1244,0
1245,-1
1246,1
1247,4
1248,2
1249,2
1250,5
1251,3
1252,4
1253,5
1254,4
1255,3
1256,0
1257,2
1258,5
1259,0
1260,3
1261,4
1262,1
1263,4
1264,2
1265,4
1266,0
1267,5
1268,0
1269,1
1270,4
1271,3
1272,0
1273,1
1274,-1
1275,5
1276,2
1277,2
1278,5
1279,3
1280,0
1281,0
1282,5
1283,3
1284,3
1285,0
1286,0
1287,5
1288,1
1289,1
1290,2
1291,4
1292,1
1293,1
1294,4
1295,5
1296,0
1297,4
1298,4
1299,3
1300,4
1301,4
1302,1
1303,4
1304,-1
1305,4
1306,5
1307,5
1308,5
1309,3
1310,2
1311,3
1312,1
1313,1
1314,2
1315,2
1316,5
1317,3
1318,-1
1319,3
1320,1
1321,0
1322,3
1323,-1
1324,0
1325,2
1326,0
1327,3
1328,3
1329,0
1330,4
1331,5
1332,3
1333,2
1334,4
1335,4
1336,3
1337,1
1338,3
1339,0
1340,4
1341,5
1342,2
1343,2
1344,3
1345,-1
1346,5
1347,3
1348,3
1349,2
1350,2
1351,0
1352,0
1353,3
1354,0
1355,0
1356,1
1357,3
1358,1
1359,4
1360,-1
1361,0
1362,2
1363,2
1364,1
1365,2
1366,2
1367,0
1368,2
1369,2
1370,4
1371,2
1372,-1
1373,5
1374,4
1375,5
1376,2
1377,1
1378,4
1379,4
1380,0
1381,2
1382,4
1383,4
1384,0
1385,0
1386,2
1387,5
1388,4
1389,2
1390,1
1391,1
1392,3
1393,5
1394,0
1395,4
1396,1
1397,3
1398,5
1399,-1
1400,5
1401,1
1402,1
1403,0
1404,5
1405,0
1406,-1
1407,4
1408,2
1409,3
1410,1
1411,0
1412,1
1413,4
1414,3
1415,1
1416,4
1417,5
1418,4
1419,5
1420,-1
1421,1
1422,2
1423,1
1424,5
1425,4
1426,2
1427,5
1428,4
1429,5
1430,4
1431,3
1432,0
1433,4
1434,-1
1435,4
1436,4
1437,2
1438,2
1439,3
1440,5
1441,4
1442,5
1443,3
1444,0
1445,2
1446,-1
1447,1
1448,2
1449,2
1450,0
1451,1
1452,3
1453,2
1454,4
1455,2
1456,5
1457,3
1458,3
1459,5
1460,2
1461,4
1462,-1
1463,4
1464,-1
1465,0
1466,5
1467,4
1468,1
1469,4
1470,1
1471,0
1472,3
1473,4
1474,1
1475,1
1476,1
1477,2
1478,1
1479,-1
1480,4
1481,1
1482,-1
1483,4
1484,4
1485,5
1486,4
1487,2
1488,-1
1489,3
1490,3
1491,2
1492,4
1493,2
1494,2
1495,4
1496,0
1497,4
1498,3
1499,1
1500,3
1501,4
1502,2
1503,5
1504,3
1505,5
1506,5
1507,0
1508,1
1509,3
1510,-1
1511,5
1512,4
1513,2
1514,2
1515,4
1516,1
1517,4
1518,5
1519,-1
1520,-1
1521,5
1522,-1
1523,3
1524,0
1525,4
1526,2
1527,5
1528,0
1529,3
1530,1
1531,0
1532,0
1533,1
1534,2
1535,2
1536,2
1537,2
1538,4
1539,1
1540,5
1541,3
1542,1
1543,3
1544,2
1545,1
1546,4
1547,3
1548,5
1549,-1
1550,-1
1551,-1
1552,5
1553,2
1554,2
1555,1
1556,4
1557,5
1558,4
1559,1
1560,2
1561,3
1562,0
1563,1
1564,3
1565,3
1566,-1
1567,2
1568,1
1569,2
1570,4
1571,0
1572,3
1573,4
1574,4
1575,0
1576,0
1577,3
1578,4
1579,5
1580,4
1581,2
1582,5
1583,-1
1584,0
1585,5
1586,0
1587,2
1588,3
1589,5
1590,5
1591,3
1592,3
1593,5
1594,0
1595,1
1596,0
1597,0
1598,0
1599,-1
1600,1
1601,2
1602,1
1603,1
1604,-1
1605,0
1606,4
1607,1
1608,3
1609,-1
1610,5
1611,3
1612,-1
1613,3
1614,-1
1615,1
1616,1
1617,3
1618,-1
1619,1
1620,1
1621,2
1622,3
1623,3
1624,0
1625,2
1626,4
1627,0
1628,5
1629,3
1630,5
1631,1
1632,2
1633,5
1634,2
1635,4
1636,-1
1637,5
1638,3
1639,2
1640,4
1641,1
1642,3
1643,1
1644,5
1645,5
1646,0
1647,0
1648,4
1649,-1
1650,1
1651,3
1652,4
1653,5
1654,2
1655,4
1656,-1
1657,-1
1658,4
1659,3
1660,5
1661,-1
1662,3
1663,2
1664,2
1665,0
1666,0
1667,-1
1668,1
1669,3
1670,2
1671,1
1672,5
1673,2
1674,-1
1675,1
1676,2
1677,2
1678,2
1679,0
1680,4
1681,4
1682,2
1683,5
1684,1
1685,0
1686,1
1687,1
1688,2
1689,3
1690,4
1691,5
1692,3
1693,1
1694,5
1695,5
1696,0
1697,4
1698,5
1699,2
1700,4
1701,4
1702,1
1703,-1
1704,1
1705,1
1706,0
1707,0
1708,4
1709,2
1710,5
1711,2
1712,3
1713,3
1714,0
1715,3
1716,-1
1717,1
1718,1
1719,3
1720,2
1721,1
1722,4
1723,2
1724,1
1725,2
1726,2
1727,3
1728,1
1729,1
1730,3
1731,-1
1732,0
1733,4
1734,0
1735,4
1736,-1
1737,5
1738,3
1739,4
1740,2
1741,4
1742,5
1743,5
1744,4
1745,5
1746,2
1747,0
1748,5
1749,3
1750,-1
1751,5
1752,4
1753,2
1754,2
1755,3
1756,0
1757,2
1758,0
1759,1
1760,2
1761,5
1762,-1
1763,1
1764,4
1765,4
1766,2
1767,5
1768,1
1769,4
1770,-1
1771,2
1772,-1
1773,0
1774,0
1775,-1
1776,0
1777,2
1778,2
1779,2
1780,-1
1781,0
1782,3
1783,-1
1784,3
1785,2
1786,2
1787,4
1788,2
1789,5
1790,4
1791,3
1792,0
1793,2
1794,-1
1795,1
1796,5
1797,2
1798,5
1799,0
1800,0
1801,1
1802,1
1803,5
1804,1
1805,4
1806,-1
1807,0
1808,-1
1809,2
1810,4
1811,3
1812,4
1813,5
1814,4
1815,4
1816,3
1817,3
1818,4
1819,4
1820,5
1821,4
1822,3
1823,0
1824,-1
1825,3
1826,0
1827,0
1828,0
1829,2
1830,0
1831,2
1832,0
1833,2
1834,3
1835,1
1836,-1
1837,1
1838,1
1839,0
1840,2
1841,5
1842,1
1843,1
1844,2
1845,4
1846,0
1847,5
1848,5
1849,0
1850,5
1851,4
1852,1
1853,5
1854,1
1855,0
1856,3
1857,1
1858,3
1859,-1
1860,2
1861,3
1862,0
1863,1
1864,2
1865,4
1866,5
1867,2
1868,0
1869,4
1870,4
1871,1
1872,3
1873,-1
1874,4
1875,3
1876,3
1877,1
1878,2
1879,4
1880,3
1881,5
1882,5
1883,2
1884,4
1885,4
1886,0
1887,2
1888,-1
1889,1
1890,2
1891,-1
1892,5
1893,3
1894,4
1895,4
1896,1
1897,5
1898,2
1899,5
1900,1
1901,2
1902,4
1903,2
1904,2
1905,1
1906,2
1907,1
1908,3
1909,0
1910,3
1911,5
1912,3
1913,5
1914,2
1915,4
1916,3
1917,0
1918,2
1919,0
1920,5
1921,3
1922,2
1923,1
1924,5
1925,3
1926,5
1927,3
1928,0
1929,3
1930,5
1931,-1
1932,1
1933,4
1934,3
1935,2
1936,-1
1937,-1
1938,0
1939,4
1940,4
1941,1
1942,0
1943,4
1944,5
1945,4
1946,1
1947,5
1948,5
1949,3
1950,3
1951,2
1952,0
1953,3
1954,0
1955,3
1956,0
1957,4
1958,3
1959,2
1960,4
1961,5
1962,3
1963,4
1964,-1
1965,5
1966,1
1967,1
1968,5
1969,5
1970,3
1971,1
1972,2
1973,2
1974,5
1975,0
1976,2
1977,1
1978,0
1979,1
1980,4
1981,-1
1982,4
1983,-1
1984,0
1985,4
1986,-1
1987,-1
1988,0
1989,5
1990,-1
1991,0
1992,3
1993,3
1994,3
1995,3
1996,5
1997,5
1998,1
1999,4
2000,5
2001,5
2002,4
2003,4
2004,4
2005,0
2006,3
2007,3
2008,-1
2009,3
2010,4
2011,4
2012,4
2013,2
2014,5
2015,4
2016,5
2017,2
2018,2
2019,3
2020,0
2021,2
2022,3
2023,5
2024,1
2025,3
2026,1
2027,3
2028,4
2029,3
2030,2
2031,1
2032,2
2033,0
2034,4
2035,3
2036,5
2037,0
2038,1
2039,0
2040,1
2041,4
2042,5
2043,3
2044,5
2045,3
2046,2
2047,2
2048,2
2049,5
2050,2
2051,3
2052,5
2053,2
2054,3
2055,2
2056,4
2057,-1
2058,2
2059,2
2060,0
2061,2
2062,2
2063,4
2064,2
2065,0
2066,0
2067,5
2068,1
2069,5
2070,5
2071,-1
2072,1
2073,4
2074,4
2075,3
2076,2
2077,2
2078,3
2079,2
2080,4
2081,1
2082,4
2083,5
2084,1
2085,-1
2086,3
2087,0
2088,0
2089,1
2090,1
2091,-1
2092,1
2093,5
2094,4
2095,0
2096,5
2097,2
2098,5
2099,3
2100,5
2101,1
2102,5
2103,2
2104,2
2105,5
2106,3
2107,5
2108,2
2109,5
2110,4
2111,1
2112,2
2113,1
2114,1
2115,2
2116,2
2117,1
2118,4
2119,2
2120,-1
2121,-1
2122,3
2123,1
2124,1
2125,0
2126,-1
2127,2
2128,1
2129,3
2130,2
2131,3
2132,1
2133,5
2134,5
2135,0
2136,4
2137,5
2138,4
2139,0
2140,0
2141,-1
2142,2
2143,2
2144,1
2145,-1
2146,5
2147,2
2148,2
2149,1
2150,3
2151,-1
2152,3
2153,2
2154,0
2155,1
2156,-1
2157,3
2158,-1
2159,1
2160,-1
2161,4
2162,3
2163,3
2164,3
2165,2
2166,-1
2167,1
2168,3
2169,4
2170,3
2171,2
2172,5
2173,4
2174,4
2175,5
2176,1
2177,5
2178,0
2179,3
2180,5
2181,5
2182,-1
2183,3
2184,2
2185,0
2186,0
2187,2
2188,5
2189,0
2190,3
2191,4
2192,5
2193,3
2194,2
2195,5
2196,3
2197,3
2198,-1
2199,0
2200,3
2201,3
2202,3
2203,0
2204,5
2205,3
2206,1
2207,4
2208,2
2209,2
2210,5
2211,1
2212,4
2213,5
2214,0
2215,4
2216,5
2217,0
2218,1
2219,1
2220,4
2221,4
2222,0
2223,1
2224,1
2225,5
2226,0
2227,4
2228,-1
2229,2
2230,3
2231,4
2232,2
2233,0
2234,0
2235,3
2236,4
2237,4
2238,4
2239,0
2240,1
2241,1
2242,-1
2243,-1
2244,4
2245,4
2246,1
2247,5
2248,3
2249,5
2250,5
2251,4
2252,4
2253,1
2254,3
2255,5
2256,4
2257,3
2258,0
2259,2
2260,0
2261,4
2262,3
2263,4
2264,0
2265,5
2266,-1
2267,3
2268,2
2269,-1
2270,1
2271,3
2272,4
2273,2
2274,3
2275,5
2276,-1
2277,2
2278,1
2279,1
2280,4
2281,5
2282,5
2283,4
2284,1
2285,3
2286,5
2287,0
2288,2
2289,0
2290,3
2291,2
2292,4
2293,0
2294,2
2295,2
2296,5
2297,5
2298,1
2299,4
2300,2
2301,1
2302,4
2303,4
2304,-1
2305,-1
2306,1
2307,4
2308,2
2309,1
2310,1
2311,0
2312,0
2313,4
2314,0
2315,-1
2316,-1
2317,2
2318,5
2319,2
2320,0
2321,4
2322,4
2323,4
2324,3
2325,5
2326,2
2327,1
2328,2
2329,3
2330,3
2331,1
2332,5
2333,4
2334,0
2335,-1
2336,4
2337,1
2338,1
2339,2
2340,3
2341,4
2342,5
2343,0
2344,0
2345,1
2346,5
2347,1
2348,5
2349,0
2350,1
2351,4
2352,1
2353,4
2354,-1
2355,2
2356,0
2357,5
2358,1
2359,5
2360,3
2361,2
2362,0
2363,2
2364,1
2365,2
2366,2
2367,5
2368,5
2369,1
2370,1
2371,3
2372,4
2373,0
2374,5
2375,4
2376,-1
2377,1
2378,3
2379,-1
2380,-1
2381,2
2382,4
2383,2
2384,2
2385,-1
2386,4
2387,0
2388,4
2389,4
2390,5
2391,5
2392,3
2393,3
2394,2
2395,0
2396,-1
2397,2
2398,3
2399,0
2400,1
2401,2
2402,4
2403,4
2404,3
2405,3
2406,2
2407,3
2408,1
2409,3
2410,0
2411,-1
2412,0
2413,0
2414,4
2415,4
2416,-1
2417,0
2418,1
2419,5
2420,2
2421,4
2422,3
2423,0
2424,-1
2425,-1
2426,2
2427,0
2428,3
2429,5
2430,2
2431,4
2432,5
2433,3
2434,1
2435,1
2436,-1
2437,5
2438,1
2439,4
2440,5
2441,2
2442,5
2443,3
2444,2
2445,2
2446,4
2447,0
2448,2
2449,3
2450,-1
2451,1
2452,2
2453,-1
2454,-1
2455,3
2456,-1
2457,5
2458,2
2459,-1
2460,1
2461,1
2462,1
2463,5
2464,2
2465,-1
2466,4
2467,0
2468,0
2469,3
2470,1
2471,0
2472,1
2473,3
2474,2
2475,0
2476,0
2477,1
2478,4
2479,5
2480,-1
2481,-1
2482,1
2483,0
2484,0
2485,0
2486,0
2487,2
2488,3
2489,-1
2490,2
2491,5
2492,0
2493,3
2494,4
2495,4
2496,0
2497,5
2498,4
2499,3
2500,4
2501,0
2502,2
2503,1
2504,-1
2505,-1
2506,2
2507,1
2508,5
2509,4
2510,5
2511,5
2512,4
2513,1
2514,-1
2515,5
2516,2
2517,3
2518,3
2519,2
2520,3
2521,0
2522,-1
2523,-1
2524,3
2525,3
2526,5
2527,3
2528,-1
2529,0
2530,2
2531,1
2532,1
2533,5
2534,3
2535,1
2536,3
2537,0
2538,4
2539,1
2540,5
2541,3
2542,1
2543,-1
2544,4
2545,5
2546,-1
2547,3
2548,0
2549,2
2550,3
2551,3
2552,1
2553,4
2554,3
2555,-1
2556,4
2557,4
2558,1
2559,0
2560,5
2561,4
2562,4
2563,3
2564,5
2565,1
2566,-1
2567,4
2568,2
2569,-1
2570,1
2571,2
2572,2
2573,1
2574,1
2575,3
2576,3
2577,3
2578,4
2579,1
2580,4
2581,2
2582,2
2583,5
2584,4
2585,0
2586,2
2587,5
2588,5
2589,2
2590,3
2591,-1
2592,4
2593,0
2594,0
2595,5
2596,5
2597,1
2598,5
2599,4
2600,1
2601,1
2602,0
2603,1
2604,5
2605,1
2606,3
2607,3
2608,2
2609,5
2610,2
2611,2
2612,3
2613,4
2614,0
2615,-1
2616,1
2617,2
2618,1
2619,2
2620,1
2621,5
2622,2
2623,3
2624,2
2625,5
2626,4
2627,3
2628,1
2629,3
2630,-1
2631,2
2632,2
2633,4
2634,2
2635,2
2636,2
2637,4
2638,2
2639,-1
2640,3
2641,0
2642,0
2643,5
2644,4
2645,4
2646,3
2647,1
2648,5
2649,1
2650,-1
2651,0
2652,3
2653,5
2654,2
2655,4
2656,5
2657,0
2658,2
2659,2
2660,2
2661,1
2662,3
2663,4
2664,3
2665,1
2666,5
2667,1
2668,2
2669,3
2670,5
2671,2
2672,-1
2673,5
2674,2
2675,0
2676,1
2677,0
2678,1
2679,2
2680,5
2681,-1
2682,2
2683,0
2684,4
2685,4
2686,2
2687,5
2688,0
2689,4
2690,4
2691,1
2692,-1
2693,-1
2694,0
2695,0
2696,3
2697,4
2698,4
2699,3
2700,5
2701,2
2702,5
2703,4
2704,-1
2705,1
2706,3
2707,2
2708,3
2709,3
2710,3
2711,0
2712,3
2713,3
2714,-1
2715,3
2716,4
2717,5
2718,4
2719,5
2720,5
2721,4
2722,3
2723,0
2724,0
2725,5
2726,-1
2727,1
2728,4
2729,0
2730,2
2731,5
2732,4
2733,3
2734,2
2735,4
2736,5
2737,4
2738,-1
2739,3
2740,3
2741,3
2742,0
2743,-1
2744,-1
2745,4
2746,2
2747,-1
2748,2
2749,3
2750,-1
2751,4
2752,3
2753,0
2754,0
2755,1
2756,3
2757,0
2758,2
2759,-1
2760,2
2761,2
2762,0
2763,4
2764,2
2765,0
2766,5
2767,1
2768,1
2769,1
2770,4
2771,0
2772,3
2773,-1
2774,2
2775,3
2776,3
2777,0
2778,1
2779,0
2780,5
2781,4
2782,2
2783,0
2784,4
2785,2
2786,2
2787,3
2788,4
2789,2
2790,5
2791,3
2792,5
2793,-1
2794,1
2795,5
2796,2
2797,4
2798,4
2799,4
2800,4
2801,-1
2802,5
2803,0
2804,2
2805,1
2806,3
2807,4
2808,5
2809,3
2810,2
2811,-1
2812,1
2813,-1
2814,0
2815,-1
2816,4
2817,3
2818,3
2819,0
2820,4
2821,0
2822,2
2823,3
2824,2
2825,1
2826,-1
2827,5
2828,4
2829,4
2830,4
2831,-1
2832,1
2833,3
2834,1
2835,4
2836,2
2837,4
2838,-1
2839,4
2840,4
2841,4
2842,5
2843,3
2844,2
2845,1
2846,5
2847,2
2848,5
2849,1
2850,3
2851,3
2852,2
2853,0
2854,2
2855,4
2856,4
2857,0
2858,2
2859,4
2860,3
2861,1
2862,4
2863,2
2864,1
2865,5
2866,-1
2867,5
2868,-1
2869,-1
2870,-1
2871,2
2872,1
2873,2
2874,0
2875,1
2876,3
2877,-1
2878,4
2879,1
2880,5
2881,0
2882,3
2883,4
2884,2
2885,1
2886,0
2887,3
2888,5
2889,-1
2890,3
2891,3
2892,3
2893,4
2894,4
2895,2
2896,-1
2897,3
2898,1
2899,-1
2900,-1
2901,-1
2902,5
2903,5
2904,0
2905,2
2906,2
2907,-1
2908,4
2909,1
2910,-1
2911,2
2912,4
2913,0
2914,3
2915,3
2916,2
2917,-1
2918,2
2919,1
2920,3
2921,3
2922,5
2923,2
2924,2
2925,4
2926,2
2927,3
2928,4
2929,0
2930,1
2931,4
2932,5
2933,-1
2934,2
2935,-1
2936,1
2937,2
2938,3
2939,2
2940,0
2941,1
2942,3
2943,1
2944,1
2945,2
2946,1
2947,3
2948,4
2949,4
2950,0
2951,5
2952,3
2953,2
2954,0
2955,2
2956,0
2957,1
2958,2
2959,2
2960,4
2961,0
2962,4
2963,5
2964,4
2965,4
2966,2
2967,2
2968,0
2969,2
2970,0
2971,3
2972,0
2973,0
2974,3
2975,3
2976,3
2977,0
2978,3
2979,5
2980,-1
2981,2
2982,5
2983,4
2984,2
2985,3
2986,5
2987,5
2988,2
2989,5
2990,2
2991,0
2992,5
2993,4
2994,1
2995,1
2996,3
2997,0
2998,5
2999,3
3000,5
3001,2
3002,5
3003,5
3004,2
3005,2
3006,1
3007,4
3008,3
3009,1
3010,5
3011,0
3012,4
3013,1
3014,5
3015,5
3016,0
3017,3
3018,0
3019,2
3020,3
3021,-1
3022,-1
3023,5
3024,3
3025,5
3026,-1
3027,-1
3028,1
3029,4
3030,3
3031,0
3032,3
3033,2
3034,3
3035,1
3036,5
3037,2
3038,1
3039,0
3040,5
3041,2
3042,1
3043,0
3044,4
3045,0
3046,1
3047,2
3048,2
3049,3
3050,3
3051,2
3052,5
3053,0
3054,0
3055,4
3056,-1
3057,4
3058,2
3059,0
3060,2
3061,2
3062,3
3063,-1
3064,3
3065,0
3066,-1
3067,-1
3068,1
3069,2
3070,5
3071,2
3072,3
3073,2
3074,2
3075,4
3076,0
3077,3
3078,4
3079,1
3080,1
3081,5
3082,-1
3083,4
3084,2
3085,2
3086,3
3087,3
3088,5
3089,3
3090,4
3091,4
3092,5
3093,-1
3094,5
3095,1
3096,4
3097,4
3098,5
3099,0
3100,5
3101,2
3102,-1
3103,4
3104,1
3105,0
3106,4
3107,3
3108,-1
3109,3
3110,3
3111,5
3112,1
3113,1
3114,5
3115,4
3116,-1
3117,0
3118,4
3119,0
3120,0
3121,2
3122,3
3123,4
3124,5
3125,2
3126,0
3127,-1
3128,2
3129,2
3130,4
3131,3
3132,4
3133,0
3134,2
3135,0
3136,2
3137,2
3138,-1
3139,0
3140,2
3141,5
3142,2
3143,1
3144,0
3145,2
3146,4
3147,0
3148,1
3149,0
3150,5
3151,-1
3152,1
3153,2
3154,4
3155,4
3156,1
3157,3
3158,0
3159,1
3160,2
3161,2
3162,1
3163,5
3164,2
3165,4
3166,3
3167,3
3168,2
3169,3
3170,1
3171,3
3172,3
3173,4
3174,-1
3175,0
3176,2
3177,-1
3178,5
3179,4
3180,4
3181,5
3182,5
3183,3
3184,4
3185,2
3186,4
3187,0
3188,3
3189,3
3190,4
3191,0
3192,0
3193,5
3194,0
3195,3
3196,2
3197,4
3198,1
3199,5
3200,-1
3201,2
3202,4
3203,3
3204,1
3205,-1
3206,3
3207,0
3208,-1
3209,1
3210,1
3211,5
3212,3
3213,5
3214,1
3215,-1
3216,3
3217,3
3218,5
3219,1
3220,2
3221,1
3222,4
3223,1
3224,4
3225,2
3226,3
3227,2
3228,-1
3229,2
3230,1
3231,2
3232,1
3233,4
3234,-1
3235,3
3236,4
3237,3
3238,4
3239,3
3240,2
3241,2
3242,-1
3243,5
3244,1
3245,4
3246,4
3247,-1
3248,4
3249,4
3250,1
3251,4
3252,-1
3253,5
3254,4
3255,3
3256,5
3257,1
3258,2
3259,5
3260,2
3261,5
3262,4
3263,4
3264,4
3265,2
3266,4
3267,0
3268,1
3269,0
3270,2
3271,4
3272,5
3273,5
3274,5
3275,0
3276,0
3277,1
3278,4
3279,0
3280,0
3281,1
3282,3
3283,5
3284,1
3285,1
3286,4
3287,0
3288,1
3289,3
3290,5
3291,5
3292,2
3293,1
3294,2
3295,3
3296,4
3297,1
3298,2
3299,5
3300,0
3301,5
3302,3
3303,4
3304,4
3305,5
3306,3
3307,0
3308,4
3309,4
3310,-1
3311,4
3312,1
3313,0
3314,5
3315,4
3316,5
3317,4
3318,5
3319,3
3320,0
3321,0
3322,3
3323,4
3324,0
3325,3
3326,1
3327,5
3328,2
3329,1
3330,4
3331,3
3332,4
3333,0
3334,2
3335,0
3336,5
3337,3
3338,2
3339,2
3340,0
3341,-1
3342,2
3343,2
3344,3
3345,3
3346,4
3347,4
3348,2
3349,2
3350,3
3351,2
3352,3
3353,4
3354,4
3355,0
3356,1
3357,0
3358,1
3359,-1
3360,2
3361,0
3362,4
3363,5
3364,5
3365,2
3366,1
3367,4
3368,2
3369,2
3370,4
3371,0
3372,0
3373,-1
3374,1
3375,3
3376,1
3377,4
3378,0
3379,1
3380,3
3381,5
3382,4
3383,4
3384,1
3385,2
3386,5
3387,3
3388,5
3389,2
3390,0
3391,5
3392,-1
3393,1
3394,2
3395,5
3396,2
3397,1
3398,4
3399,0
3400,0
3401,4
3402,-1
3403,4
3404,5
3405,-1
3406,4
3407,2
3408,5
3409,3
3410,2
3411,4
3412,4
3413,4
3414,1
3415,0
3416,1
3417,0
3418,3
3419,2
3420,3
3421,4
3422,1
3423,-1
3424,3
3425,5
3426,-1
3427,2
3428,2
3429,0
3430,3
3431,5
3432,4
3433,3
3434,4
3435,2
3436,1
3437,4
3438,2
3439,1
3440,5
3441,-1
3442,3
3443,-1
3444,4
3445,1
3446,4
3447,1
3448,3
3449,5
3450,4
3451,5
3452,0
3453,1
3454,-1
3455,3
3456,5
3457,3
3458,1
3459,2
3460,4
3461,5
3462,4
3463,5
3464,5
3465,5
3466,3
3467,0
3468,2
3469,3
3470,3
3471,4
3472,3
3473,5
3474,2
3475,1
3476,2
3477,1
3478,0
3479,4
3480,4
3481,5
3482,4
3483,1
3484,0
3485,0
3486,1
3487,1
3488,4
3489,4
3490,0
3491,5
3492,4
3493,0
3494,3
3495,4
3496,-1
3497,1
3498,2
3499,0
3500,2
3501,5
3502,4
3503,5
3504,1
3505,1
3506,2
3507,1
3508,2
3509,3
3510,2
3511,3
3512,3
3513,2
3514,3
3515,0
3516,2
3517,1
3518,3
3519,3
3520,1
3521,3
3522,4
3523,2
3524,4
3525,0
3526,1
3527,1
3528,3
3529,4
3530,0
3531,1
3532,-1
3533,5
3534,-1
3535,1
3536,2
3537,4
3538,1
3539,5
3540,4
3541,3
3542,4
3543,-1
3544,5
3545,0
3546,2
3547,2
3548,2
3549,5
3550,0
3551,1
3552,1
3553,2
3554,-1
3555,-1
3556,2
3557,5
3558,2
3559,4
3560,1
3561,4
3562,2
3563,3
3564,5
3565,2
3566,4
3567,1
3568,5
3569,3
3570,5
3571,-1
3572,4
3573,2
3574,2
3575,2
3576,1
3577,5
3578,5
3579,2
3580,4
3581,2
3582,0
3583,5
3584,4
3585,2
3586,2
3587,0
3588,3
3589,5
3590,3
3591,1
3592,-1
3593,1
3594,5
3595,2
3596,-1
3597,2
3598,3
3599,5
3600,1
3601,0
3602,5
3603,4
3604,5
3605,-1
3606,5
3607,5
3608,2
3609,5
3610,2
3611,-1
3612,4
3613,2
3614,4
3615,4
3616,4
3617,5
3618,0
3619,2
3620,4
3621,2
3622,3
3623,2
3624,3
3625,5
3626,5
3627,4
3628,1
3629,1
3630,-1
3631,0
3632,5
3633,0
3634,3
3635,5
3636,0
3637,0
3638,2
3639,-1
3640,0
3641,5
3642,3
3643,5
3644,2
3645,3
3646,1
3647,2
3648,4
3649,3
3650,2
3651,4
3652,-1
3653,2
3654,0
3655,-1
3656,0
3657,1
3658,0
3659,2
3660,1
3661,-1
3662,0
3663,1
3664,0
3665,5
3666,5
3667,3
3668,5
3669,3
3670,0
3671,0
3672,5
3673,1
3674,2
3675,0
3676,0
3677,5
3678,-1
3679,1
3680,1
3681,2
3682,1
3683,4
3684,3
3685,4
3686,2
3687,1
3688,2
3689,4
3690,1
3691,0
3692,5
3693,-1
3694,1
3695,5
3696,3
3697,3
3698,2
3699,1
3700,5
3701,2
3702,2
3703,0
3704,0
3705,3
3706,3
3707,3
3708,5
3709,2
3710,1
3711,4
3712,5
3713,4
3714,-1
3715,5
3716,4
3717,4
3718,2
3719,4
3720,1
3721,1
3722,3
3723,0
3724,5
3725,5
3726,2
3727,1
3728,2
3729,4
3730,1
3731,1
3732,1
3733,1
3734,1
3735,2
3736,4
3737,1
3738,3
3739,1
3740,2
3741,5
3742,5
3743,-1
3744,0
3745,5
3746,2
3747,3
3748,2
3749,4
3750,3
3751,2
3752,0
3753,3
3754,4
3755,-1
3756,4
3757,2
3758,-1
3759,5
3760,1
3761,5
3762,5
3763,2
3764,1
3765,4
3766,2
3767,3
3768,1
3769,3
3770,0
3771,4
3772,-1
3773,1
3774,3
3775,4
3776,0
3777,1
3778,5
3779,2
3780,3
3781,0
3782,1
3783,2
3784,3
3785,2
3786,4
3787,2
3788,-1
3789,4
3790,1
3791,0
3792,1
3793,0
3794,1
3795,1
3796,2
3797,0
3798,5
3799,5
3800,1
3801,3
3802,5
3803,4
3804,2
3805,-1
3806,1
3807,0
3808,3
3809,-1
3810,5
3811,1
3812,0
3813,3
3814,0
3815,-1
3816,4
3817,0
3818,3
3819,0
3820,3
3821,3
3822,3
3823,5
3824,4
3825,5
3826,0
3827,5
3828,1
3829,4
3830,4
3831,4
3832,3
3833,4
3834,-1
3835,1
3836,2
3837,3
3838,0
3839,5
3840,1
3841,5
3842,4
3843,4
3844,4
3845,2
3846,4
3847,1
3848,0
3849,4
3850,1
3851,2
3852,4
3853,0
3854,-1
3855,-1
3856,3
3857,5
3858,2
3859,0
3860,1
3861,-1
3862,1
3863,3
3864,2
3865,2
3866,4
3867,-1
3868,5
3869,1
3870,2
3871,0
3872,1
3873,5
3874,0
3875,2
3876,3
3877,1
3878,4
3879,4
3880,2
3881,5
3882,5
3883,3
3884,5
3885,0
3886,3
3887,3
3888,1
3889,-1
3890,1
3891,4
3892,-1
3893,3
3894,3
3895,3
3896,4
3897,5
3898,5
3899,2
3900,4
3901,0
3902,1
3903,5
3904,1
3905,1
3906,1
3907,4
3908,2
3909,5
3910,4
3911,2
3912,4
3913,5
3914,3
3915,1
3916,4
3917,3
3918,0
3919,5
3920,1
3921,-1
3922,2
3923,4
3924,0
3925,5
3926,1
3927,0
3928,3
3929,3
3930,-1
3931,-1
3932,-1
3933,-1
3934,3
3935,3
3936,1
3937,3
3938,2
3939,4
3940,5
3941,5
3942,4
3943,5
3944,0
3945,5
3946,1
3947,5
3948,-1
3949,1
3950,3
3951,5
3952,3
3953,0
3954,5
3955,4
3956,5
3957,3
3958,0
3959,0
3960,0
3961,3
3962,3
3963,-1
3964,-1
3965,5
3966,3
3967,-1
3968,0
3969,1
3970,-1
3971,3
3972,1
3973,5
3974,0
3975,2
3976,3
3977,5
3978,2
3979,1
3980,4
3981,0
3982,1
3983,2
3984,4
3985,3
3986,3
3987,1
3988,1
3989,5
3990,2
3991,5
3992,2
3993,1
3994,3
3995,2
3996,1
3997,2
3998,2
3999,3
4000,1
4001,2
4002,2
4003,1
4004,4
4005,2
4006,5
4007,1
4008,5
4009,4
4010,3
4011,1
4012,2
4013,3
4014,3
4015,2
4016,3
4017,5
4018,1
4019,5
4020,-1
4021,5
4022,0
4023,2
4024,5
4025,-1
4026,3
4027,0
4028,4
4029,-1
4030,0
4031,3
4032,2
4033,-1
4034,4
4035,2
4036,-1
4037,5
4038,3
4039,4
4040,-1
4041,5
4042,1
4043,4
4044,1
4045,0
4046,0
4047,3
4048,-1
4049,2
4050,3
4051,1
4052,5
4053,5
4054,2
4055,0
4056,1
4057,1
4058,2
4059,1
4060,5
4061,5
4062,2
4063,2
4064,3
4065,4
4066,-1
4067,0
4068,5
4069,4
4070,1
4071,1
4072,-1
4073,5
4074,2
4075,5
4076,4
4077,5
4078,2
4079,1
4080,5
4081,-1
4082,5
4083,1
4084,1
4085,3
4086,3
4087,0
4088,5
4089,1
4090,2
4091,3
4092,3
4093,5
4094,1
4095,0
4096,2
4097,2
4098,0
4099,2
4100,4
4101,-1
4102,3
4103,1
4104,3
4105,5
4106,-1
4107,1
4108,2
4109,2
4110,-1
4111,3
4112,1
4113,-1
4114,3
4115,3
4116,4
4117,4
4118,-1
4119,4
4120,2
4121,2
4122,1
4123,5
4124,5
4125,2
4126,4
4127,-1
4128,5
4129,5
4130,5
4131,3
4132,2
4133,5
4134,4
4135,5
4136,2
4137,-1
4138,4
4139,0
4140,1
4141,5
4142,-1
4143,-1
4144,4
4145,5
4146,0
4147,-1
4148,0
4149,4
4150,4
4151,0
4152,4
4153,5
4154,4
4155,2
4156,4
4157,3
4158,0
4159,1
4160,1
4161,2
4162,2
4163,2
4164,4
4165,-1
4166,1
4167,0
4168,2
4169,2
4170,3
4171,-1
4172,4
4173,-1
4174,3
4175,4
4176,5
4177,4
4178,0
4179,3
4180,3
4181,4
4182,0
4183,0
4184,5
4185,0
4186,2
4187,3
4188,3
4189,-1
4190,-1
4191,0
4192,3
4193,0
4194,3
4195,1
4196,0
4197,1
4198,4
4199,2
4200,-1
4201,2
4202,0
4203,0
4204,1
4205,0
4206,0
4207,-1
4208,5
4209,3
4210,3
4211,2
4212,-1
4213,1
4214,4
4215,5
4216,-1
4217,3
4218,3
4219,0
4220,2
4221,0
4222,4
4223,-1
4224,1
4225,3
4226,3
4227,2
4228,4
4229,4
4230,3
4231,3
4232,3
4233,3
4234,1
4235,5
4236,0
4237,-1
4238,4
4239,2
4240,2
4241,3
4242,-1
4243,2
4244,2
4245,3
4246,0
4247,3
4248,0
4249,4
4250,5
4251,3
4252,5
4253,0
4254,0
4255,1
4256,0
4257,4
4258,4
4259,3
4260,3
4261,2
4262,1
4263,0
4264,5
4265,0
4266,5
4267,5
4268,-1
4269,5
4270,2
4271,0
4272,2
4273,2
4274,3
4275,2
4276,2
4277,1
4278,5
4279,5
4280,-1
4281,2
4282,1
4283,0
4284,5
4285,0
4286,4
4287,2
4288,3
4289,0
4290,4
4291,1
4292,1
4293,2
4294,5
4295,4
4296,2
4297,1
4298,1
4299,3
4300,1
4301,4
4302,-1
4303,3
4304,4
4305,1
4306,4
4307,0
4308,-1
4309,4
4310,0
4311,4
4312,1
4313,5
4314,-1
4315,4
4316,4
4317,-1
4318,3
4319,0
4320,3
4321,1
4322,4
4323,4
4324,4
4325,5
4326,0
4327,-1
4328,0
4329,0
4330,-1
4331,1
4332,5
4333,2
4334,1
4335,4
4336,2
4337,2
4338,-1
4339,2
4340,2
4341,2
4342,2
4343,2
4344,2
4345,2
4346,4
4347,3
4348,5
4349,4
4350,-1
4351,5
4352,3
4353,1
4354,2
4355,0
4356,1
4357,5
4358,5
4359,1
4360,3
4361,0
4362,3
4363,1
4364,5
4365,4
4366,2
4367,2
4368,0
4369,2
4370,1
4371,3
4372,1
4373,-1
4374,2
4375,-1
4376,1
4377,1
4378,5
4379,4
4380,-1
4381,3
4382,2
4383,3
4384,1
4385,5
4386,2
4387,1
4388,1
4389,2
4390,3
4391,5
4392,5
4393,4
4394,-1
4395,1
4396,4
4397,5
4398,5
4399,5
4400,5
4401,1
4402,2
4403,0
4404,1
4405,2
4406,1
4407,0
4408,1
4409,3
4410,1
4411,3
4412,4
4413,1
4414,1
4415,0
4416,4
4417,4
4418,0
4419,-1
4420,5
4421,5
4422,1
4423,2
4424,2
4425,0
4426,0
4427,0
4428,-1
4429,-1
4430,5
4431,0
4432,1
4433,0
4434,1
4435,-1
4436,2
4437,5
4438,2
4439,4
4440,2
4441,0
4442,2
4443,5
4444,2
4445,5
4446,2
4447,5
4448,3
4449,4
4450,1
4451,-1
4452,4
4453,-1
4454,4
4455,4
4456,0
4457,0
4458,1
4459,4
4460,2
4461,5
4462,5
4463,-1
4464,3
4465,1
4466,0
4467,3
4468,0
4469,-1
4470,4
4471,1
4472,2
4473,1
4474,3
4475,4
4476,1
4477,4
4478,0
4479,2
4480,5
4481,3
4482,2
4483,1
4484,5
4485,4
4486,0
4487,2
4488,-1
4489,-1
4490,5
4491,3
4492,5
4493,3
4494,3
4495,5
4496,0
4497,1
4498,1
4499,0
4500,0
4501,3
4502,4
4503,1
4504,5
4505,1
4506,1
4507,5
4508,-1
4509,3
4510,3
4511,3
4512,4
4513,3
4514,-1
4515,1
4516,0
4517,1
4518,4
4519,-1
4520,3
4521,5
4522,5
4523,0
4524,-1
4525,4
4526,0
4527,1
4528,1
4529,4
4530,-1
4531,1
4532,2
4533,4
4534,4
4535,5
4536,0
4537,1
4538,4
4539,4
4540,3
4541,5
4542,3
4543,0
4544,-1
4545,0
4546,1
4547,4
4548,0
4549,3
4550,0
4551,1
4552,0
4553,-1
4554,0
4555,5
4556,3
4557,0
4558,5
4559,3
4560,3
4561,4
4562,3
4563,5
4564,2
4565,1
4566,5
4567,5
4568,4
4569,3
4570,3
4571,3
4572,5
4573,0
4574,3
4575,2
4576,3
4577,0
4578,2
4579,1
4580,3
4581,5
4582,2
4583,1
4584,0
4585,3
4586,5
4587,1
4588,4
4589,2
4590,1
4591,-1
4592,0
4593,3
4594,2
4595,3
4596,3
4597,5
4598,3
4599,4
4600,4
4601,3
4602,0
4603,1
4604,-1
4605,2
4606,3
4607,5
4608,4
4609,2
4610,2
4611,3
4612,5
4613,2
4614,2
4615,4
4616,-1
4617,5
4618,5
4619,3
4620,2
4621,1
4622,4
4623,1
4624,5
4625,1
4626,-1
4627,4
4628,3
4629,2
4630,1
4631,2
4632,1
4633,5
4634,4
4635,-1
4636,0
4637,1
4638,4
4639,4
4640,0
4641,3
4642,0
4643,3
4644,3
4645,5
4646,4
4647,4
4648,4
4649,5
4650,1
4651,3
4652,2
4653,4
4654,4
4655,4
4656,3
4657,4
4658,1
4659,3
4660,1
4661,-1
4662,5
4663,2
4664,1
4665,-1
4666,1
4667,4
4668,0
4669,0
4670,4
4671,2
4672,3
4673,-1
4674,3
4675,3
4676,4
4677,5
4678,0
4679,2
4680,0
4681,0
4682,5
4683,1
4684,0
4685,4
4686,0
4687,4
4688,5
4689,1
4690,5
4691,5
4692,0
4693,3
4694,0
4695,4
4696,3
4697,2
4698,2
4699,-1
4700,5
4701,1
4702,0
4703,-1
4704,3
4705,5
4706,0
4707,0
4708,2
4709,0
4710,1
4711,-1
4712,3
4713,3
4714,2
4715,5
4716,5
4717,3
4718,0
4719,3
4720,2
4721,5
4722,5
4723,1
4724,0
4725,3
4726,-1
4727,1
4728,2
4729,3
4730,1
4731,2
4732,0
4733,3
4734,1
4735,4
4736,0
4737,2
4738,2
4739,5
4740,1
4741,5
4742,2
4743,2
4744,5
4745,5
4746,3
4747,3
4748,5
4749,4
4750,-1
4751,1
4752,1
4753,3
4754,1
4755,5
4756,5
4757,5
4758,5
4759,5
4760,1
4761,0
4762,3
4763,1
4764,3
4765,2
4766,5
4767,-1
4768,4
4769,0
4770,3
4771,5
4772,4
4773,5
4774,0
4775,4
4776,3
4777,-1
4778,3
4779,-1
4780,4
4781,5
4782,2
4783,4
4784,3
4785,4
4786,5
4787,3
4788,0
4789,1
4790,3
4791,-1
4792,-1
4793,2
4794,-1
4795,2
4796,4
4797,-1
4798,1
4799,4
4800,0
4801,3
4802,3
4803,5
4804,5
4805,5
4806,2
4807,5
4808,4
4809,5
4810,1
4811,3
4812,1
4813,5
4814,1
4815,4
4816,3
4817,3
4818,0
4819,-1
4820,2
4821,-1
4822,2
4823,3
4824,0
4825,3
4826,0
4827,4
4828,5
4829,3
4830,0
4831,-1
4832,3
4833,4
4834,1
4835,2
4836,4
4837,4
4838,2
4839,0
4840,5
4841,2
4842,1
4843,2
4844,3
4845,5
4846,2
4847,2
4848,5
4849,3
4850,1
4851,2
4852,2
4853,3
4854,0
4855,1
4856,1
4857,-1
4858,4
4859,2
4860,1
4861,3
4862,1
4863,5
4864,-1
4865,0
4866,5
4867,4
4868,-1
4869,-1
4870,3
4871,3
4872,-1
4873,1
4874,4
4875,1
4876,5
4877,3
4878,3
4879,0
4880,2
4881,1
4882,5
4883,5
4884,4
4885,5
4886,1
4887,1
4888,1
4889,3
4890,1
4891,4
4892,5
4893,3
4894,4
4895,3
4896,4
4897,4
4898,1
4899,-1
4900,5
4901,5
4902,2
4903,0
4904,0
4905,4
4906,3
4907,3
4908,0
4909,3
4910,4
4911,2
4912,4
4913,4
4914,1
4915,3
4916,0
4917,3
4918,4
4919,3
4920,-1
4921,2
4922,1
4923,2
4924,0
4925,4
4926,1
4927,3
4928,1
4929,0
4930,5
4931,2
4932,1
4933,5
4934,0
4935,4
4936,3
4937,2
4938,3
4939,1
4940,4
4941,3
4942,4
4943,2
4944,2
4945,1
4946,4
4947,3
4948,2
4949,5
4950,3
4951,5
4952,1
4953,1
4954,2
4955,3
4956,5
4957,3
4958,0
4959,1
4960,-1
4961,5
4962,2
4963,5
4964,0
4965,3
4966,2
4967,5
4968,1
4969,3
4970,5
4971,3
4972,4
4973,3
4974,3
4975,1
4976,4
4977,5
4978,3
4979,5
4980,3
4981,4
4982,0
4983,1
4984,4
4985,4
4986,4
4987,3
4988,0
4989,3
4990,3
4991,2
4992,1
4993,2
4994,5
4995,-1
4996,3
4997,1
4998,3
4999,2
5000,1
5001,4
5002,1
5003,1
5004,0
5005,2
5006,1
5007,-1
5008,3
5009,5
5010,4
5011,0
5012,1
5013,-1
5014,0
5015,5
5016,1
5017,5
5018,3
5019,3
5020,0
5021,4
5022,1
5023,0
5024,4
5025,0
5026,3
5027,0
5028,5
5029,5
5030,2
5031,-1
5032,2
5033,2
5034,4
5035,1
5036,5
5037,4
5038,0
5039,-1
5040,1
5041,2
5042,-1
5043,5
5044,5
5045,1
5046,1
5047,1
5048,-1
5049,0
5050,2
5051,4
5052,4
5053,2
5054,3
5055,1
5056,5
5057,4
5058,1
5059,0
5060,5
5061,1
5062,5
5063,3
5064,4
5065,4
5066,0
5067,2
5068,2
5069,2
5070,2
5071,1
5072,3
5073,4
5074,1
5075,3
5076,2
5077,1
5078,2
5079,1
5080,5
5081,2
5082,3
5083,3
5084,4
5085,5
5086,5
5087,3
5088,1
5089,2
5090,4
5091,3
5092,5
5093,4
5094,5
5095,5
5096,-1
5097,3
5098,0
5099,4
5100,4
5101,-1
5102,1
5103,4
5104,4
5105,1
5106,1
5107,1
5108,4
5109,-1
5110,3
5111,0
5112,0
5113,2
5114,0
5115,5
5116,1
5117,-1
5118,3
5119,4
5120,4
5121,0
5122,5
5123,0
5124,-1
5125,0
5126,0
5127,5
5128,-1
5129,5
5130,1
5131,1
5132,5
5133,0
5134,3
5135,4
5136,0
5137,2
5138,1
5139,0
5140,0
5141,5
5142,-1
5143,3
5144,-1
5145,-1
5146,4
5147,5
5148,0
5149,4
5150,5
5151,0
5152,2
5153,2
5154,3
5155,4
5156,2
5157,4
5158,-1
5159,2
5160,4
5161,0
5162,-1
5163,0
5164,0
5165,1
5166,5
5167,2
5168,2
5169,2
5170,1
5171,1
5172,3
5173,2
5174,1
5175,3
5176,5
5177,5
5178,3
5179,4
5180,3
5181,0
5182,4
5183,1
5184,0
5185,0
5186,5
5187,5
5188,1
5189,5
5190,2
5191,3
5192,2
5193,0
5194,-1
5195,0
5196,1
5197,3
5198,4
5199,2
5200,-1
5201,2
5202,2
5203,4
5204,5
5205,1
5206,-1
5207,3
5208,5
5209,-1
5210,3
5211,0
5212,1
5213,5
5214,3
5215,1
5216,5
5217,5
5218,3
5219,0
5220,4
5221,1
5222,4
5223,3
5224,4
5225,3
5226,2
5227,4
5228,0
5229,0
5230,1
5231,2
5232,-1
5233,3
5234,2
5235,2
5236,0
5237,1
5238,5
5239,3
5240,3
5241,0
5242,4
5243,3
5244,1
5245,3
5246,0
5247,3
5248,1
5249,5
5250,2
5251,3
5252,3
5253,1
5254,2
5255,1
5256,-1
5257,1
5258,5
5259,2
5260,-1
5261,1
5262,4
5263,0
5264,2
5265,5
5266,0
5267,-1
5268,1
5269,5
5270,2
5271,0
5272,3
5273,5
5274,-1
5275,2
5276,-1
5277,5
5278,5
5279,1
5280,1
5281,0
5282,1
5283,0
5284,1
5285,0
5286,2
5287,-1
5288,5
5289,2
5290,3
5291,1
5292,2
5293,2
5294,5
5295,4
5296,2
5297,-1
5298,1
5299,4
5300,2
5301,4
5302,0
5303,2
5304,5
5305,3
5306,4
5307,3
5308,3
5309,2
5310,-1
5311,1
5312,4
5313,-1
5314,3
5315,1
5316,4
5317,4
5318,0
5319,1
5320,2
5321,4
5322,0
5323,3
5324,3
5325,-1
5326,5
5327,0
5328,0
5329,5
5330,1
5331,4
5332,4
5333,-1
5334,-1
5335,1
5336,4
5337,1
5338,2
5339,2
5340,4
5341,1
5342,2
5343,3
5344,2
5345,3
5346,3
5347,4
5348,2
5349,5
5350,2
5351,3
5352,0
5353,2
5354,-1
5355,1
5356,0
5357,1
5358,5
5359,5
5360,2
5361,0
5362,5
5363,2
5364,0
5365,4
5366,2
5367,3
5368,3
5369,4
5370,4
5371,4
5372,1
5373,3
5374,4
5375,3
5376,1
5377,0
5378,3
5379,1
5380,3
5381,0
5382,2
5383,4
5384,1
5385,3
5386,4
5387,2
5388,0
5389,1
5390,-1
5391,3
5392,5
5393,2
5394,4
5395,4
5396,2
5397,3
5398,-1
5399,5
5400,2
5401,5
5402,-1
5403,5
5404,-1
5405,1
5406,4
5407,2
5408,4
5409,3
5410,3
5411,2
5412,-1
5413,-1
5414,-1
5415,-1
5416,-1
5417,3
5418,5
5419,-1
5420,1
5421,3
5422,-1
5423,1
5424,5
5425,5
5426,-1
5427,0
5428,5
5429,2
5430,2
5431,2
5432,3
5433,0
5434,1
5435,5
5436,1
5437,1
5438,1
5439,3
5440,-1
5441,2
5442,3
5443,3
5444,2
5445,0
5446,5
5447,4
5448,4
5449,4
5450,0
5451,0
5452,4
5453,3
5454,0
5455,4
5456,4
5457,0
5458,5
5459,0
5460,-1
5461,4
5462,2
5463,1
5464,1
5465,4
5466,-1
5467,1
5468,0
5469,2
5470,1
5471,2
5472,0
5473,0
5474,2
5475,4
5476,-1
5477,3
5478,2
5479,2
5480,3
5481,1
5482,4
5483,3
5484,5
5485,0
5486,2
5487,4
5488,2
5489,1
5490,4
5491,2
5492,-1
5493,1
5494,5
5495,4
5496,3
5497,4
5498,3
5499,2
5500,3
5501,2
5502,-1
5503,4
5504,5
5505,5
5506,5
5507,1
5508,3
5509,3
5510,5
5511,3
5512,0
5513,4
5514,1
5515,1
5516,4
5517,4
5518,4
5519,3
5520,3
5521,5
5522,4
5523,0
5524,1
5525,5
5526,-1
5527,5
5528,1
5529,3
5530,0
5531,2
5532,2
5533,3
5534,4
5535,2
5536,4
5537,5
5538,3
5539,-1
5540,2
5541,4
5542,5
5543,5
5544,0
5545,1
5546,3
5547,2
5548,2
5549,2
5550,2
5551,0
5552,5
5553,0
5554,3
5555,1
5556,0
5557,1
5558,2
5559,3
5560,-1
5561,4
5562,4
5563,3
5564,3
5565,3
5566,3
5567,0
5568,1
5569,1
5570,3
5571,4
5572,5
5573,-1
5574,4
5575,5
5576,0
5577,2
5578,4
5579,-1
5580,1
5581,1
5582,4
5583,3
5584,1
5585,2
5586,3
5587,3
5588,0
5589,-1
5590,2
5591,2
5592,4
5593,0
5594,5
5595,4
5596,4
5597,4
5598,3
5599,5
5600,5
5601,1
5602,2
5603,3
5604,4
5605,0
5606,3
5607,4
5608,3
5609,1
5610,1
5611,5
5612,2
5613,1
5614,1
5615,-1
5616,-1
5617,0
5618,1
5619,4
5620,4
5621,4
5622,3
5623,3
5624,4
5625,5
5626,5
5627,1
5628,-1
5629,1
5630,1
5631,4
5632,3
5633,4
5634,1
5635,1
5636,1
5637,4
5638,1
5639,4
5640,-1
5641,2
5642,2
5643,2
5644,4
5645,0
5646,1
5647,-1
5648,0
5649,-1
5650,1
5651,-1
5652,0
5653,-1
5654,2
5655,5
5656,0
5657,3
5658,-1
5659,2
5660,3
5661,2
5662,4
5663,5
5664,5
5665,3
5666,2
5667,3
5668,0
5669,5
5670,4
5671,-1
5672,2
5673,5
5674,4
5675,3
5676,3
5677,-1
5678,0
5679,5
5680,4
5681,3
5682,-1
5683,1
5684,5
5685,2
5686,1
5687,5
5688,1
5689,1
5690,1
5691,2
5692,0
5693,4
5694,5
5695,-1
5696,-1
5697,2
5698,4
5699,2
5700,3
5701,-1
5702,2
5703,3
5704,0
5705,2
5706,2
5707,1
5708,3
5709,5
5710,3
5711,3
5712,4
5713,5
5714,4
5715,2
5716,5
5717,2
5718,0
5719,5
5720,2
5721,1
5722,1
5723,0
5724,2
5725,0
5726,2
5727,2
5728,4
5729,0
5730,4
5731,4
5732,4
5733,2
5734,2
5735,5
5736,4
5737,4
5738,1
5739,4
5740,0
5741,1
5742,-1
5743,2
5744,3
5745,4
5746,3
5747,1
5748,4
5749,1
5750,5
5751,5
5752,0
5753,2
5754,2
5755,1
5756,0
5757,-1
5758,2
5759,0
5760,-1
5761,-1
5762,3
5763,0
5764,4
5765,3
5766,3
5767,0
5768,2
5769,4
5770,1
5771,2
5772,-1
5773,3
5774,2
5775,3
5776,4
5777,0
5778,0
5779,2
5780,4
5781,1
5782,1
5783,1
5784,4
5785,2
5786,2
5787,-1
5788,5
5789,4
5790,1
5791,0
5792,1
5793,3
5794,2
5795,5
5796,4
5797,3
5798,1
5799,0
5800,5
5801,-1
5802,5
5803,1
5804,4
5805,1
5806,4
5807,2
5808,5
5809,5
5810,3
5811,0
5812,5
5813,-1
5814,5
5815,2
5816,0
5817,4
5818,4
5819,3
5820,0
5821,5
5822,2
5823,3
5824,-1
5825,-1
5826,2
5827,3
5828,1
5829,2
5830,4
5831,5
5832,3
5833,-1
5834,4
5835,1
5836,0
5837,0
5838,3
5839,-1
5840,4
5841,4
5842,2
5843,0
5844,1
5845,5
5846,1
5847,1
5848,1
5849,4
5850,1
5851,2
5852,0
5853,2
5854,4
5855,1
5856,5
5857,2
5858,1
5859,5
5860,2
5861,3
5862,2
5863,0
5864,3
5865,3
5866,3
5867,4
5868,0
5869,3
5870,3
5871,5
5872,3
5873,3
5874,5
5875,0
5876,3
5877,2
5878,4
5879,2
5880,0
5881,2
5882,1
5883,3
5884,2
5885,2
5886,1
5887,2
5888,0
5889,4
5890,0
5891,4
5892,5
5893,5
5894,-1
5895,0
5896,1
5897,4
5898,4
5899,4
5900,4
5901,3
5902,0
5903,3
5904,4
5905,1
5906,4
5907,3
5908,3
5909,-1
5910,1
5911,1
5912,0
5913,4
5914,5
5915,0
5916,4
5917,5
5918,4
5919,-1
5920,5
5921,-1
5922,3
5923,5
5924,1
5925,2
5926,3
5927,4
5928,0
5929,0
5930,2
5931,5
5932,5
5933,3
5934,0
5935,-1
5936,-1
5937,5
5938,5
5939,3
5940,4
5941,3
5942,-1
5943,4
5944,1
5945,1
5946,5
5947,0
5948,4
5949,4
5950,4
5951,5
5952,2
5953,3
5954,4
5955,-1
5956,1
5957,5
5958,3
5959,2
5960,2
5961,2
5962,4
5963,1
5964,2
5965,1
5966,2
5967,4
5968,4
5969,0
5970,1
5971,5
5972,5
5973,0
5974,1
5975,2
5976,5
5977,5
5978,5
5979,-1
5980,0
5981,3
5982,2
5983,-1
5984,2
5985,0
5986,1
5987,1
5988,4
5989,-1
5990,5
5991,1
5992,5
5993,0
5994,2
5995,5
5996,5
5997,4
5998,-1
5999,1
6000,4
6001,-1
6002,2
6003,1
6004,0
6005,2
6006,3
6007,4
6008,3
6009,3
6010,-1
6011,5
6012,0
6013,3
6014,-1
6015,2
6016,4
6017,-1
6018,4
6019,3
6020,5
6021,4
6022,1
6023,1
6024,1
6025,1
6026,-1
6027,3
6028,0
6029,4
6030,2
6031,2
6032,3
6033,5
6034,2
6035,3
6036,-1
6037,0
6038,5
6039,3
6040,3
6041,0
6042,1
6043,2
6044,3
6045,1
6046,2
6047,5
6048,4
6049,3
6050,2
6051,3
6052,1
6053,3
6054,0
6055,1
6056,3
6057,3
6058,3
6059,3
6060,4
6061,4
6062,4
6063,0
6064,5
6065,-1
6066,5
6067,5
6068,3
6069,-1
6070,1
6071,2
6072,4
6073,4
6074,2
6075,1
6076,1
6077,0
6078,2
6079,0
6080,5
6081,0
6082,-1
6083,2
6084,1
6085,1
6086,2
6087,2
6088,4
6089,0
6090,-1
6091,0
6092,4
6093,5
6094,3
6095,1
6096,2
6097,1
6098,-1
6099,2
6100,4
6101,5
6102,3
6103,2
6104,4
6105,0
6106,4
6107,2
6108,0
6109,5
6110,-1
6111,2
6112,0
6113,5
6114,3
6115,0
6116,0
6117,3
6118,3
6119,2
6120,1
6121,3
6122,4
6123,3
6124,2
6125,3
6126,0
6127,4
6128,4
6129,0
6130,1
6131,4
6132,-1
6133,5
6134,2
6135,5
6136,3
6137,0
6138,4
6139,5
6140,0
6141,-1
6142,5
6143,2
6144,1
6145,-1
6146,-1
6147,4
6148,0
6149,4
6150,2
6151,1
6152,4
6153,1
6154,5
6155,-1
6156,4
6157,-1
6158,3
6159,4
6160,1
6161,5
6162,0
6163,1
6164,5
6165,5
6166,2
6167,2
6168,3
6169,1
6170,4
6171,-1
6172,5
6173,4
6174,4
6175,0
6176,4
6177,1
6178,3
6179,3
6180,2
6181,5
6182,1
6183,4
6184,1
6185,5
6186,2
6187,2
6188,1
6189,5
6190,0
6191,2
6192,3
6193,5
6194,4
6195,2
6196,4
6197,2
6198,1
6199,0
6200,3
6201,3
6202,2
6203,4
6204,5
6205,3
6206,-1
6207,0
6208,3
6209,2
6210,-1
6211,3
6212,0
6213,0
6214,3
6215,2
6216,5
6217,1
6218,1
6219,4
6220,2
6221,5
6222,1
6223,-1
6224,2
6225,2
6226,5
6227,5
6228,5
6229,3
6230,3
6231,1
6232,-1
6233,4
6234,5
6235,4
6236,5
6237,5
6238,5
6239,1
6240,5
6241,1
6242,3
6243,0
6244,5
6245,0
6246,3
6247,-1
6248,4
6249,1
6250,-1
6251,4
6252,1
6253,4
6254,4
6255,3
6256,0
6257,4
6258,4
6259,0
6260,1
6261,3
6262,0
6263,2
6264,4
6265,1
6266,3
6267,5
6268,2
6269,4
6270,0
6271,5
6272,4
6273,1
6274,4
6275,4
6276,3
6277,2
6278,4
6279,5
6280,4
6281,4
6282,3
6283,4
6284,3
6285,5
6286,-1
6287,4
6288,2
6289,2
6290,-1
6291,3
6292,5
6293,-1
6294,5
6295,0
6296,4
6297,0
6298,0
6299,3
6300,3
6301,0
6302,5
6303,0
6304,4
6305,2
6306,5
6307,1
6308,0
6309,4
6310,0
6311,2
6312,2
6313,3
6314,2
6315,2
6316,3
6317,5
6318,0
6319,0
6320,5
6321,-1
6322,2
6323,4
6324,3
6325,4
6326,2
6327,0
6328,4
6329,0
6330,-1
6331,1
6332,3
6333,-1
6334,4
6335,4
6336,1
6337,1
6338,4
6339,-1
6340,4
6341,5
6342,3
6343,4
6344,0
6345,2
6346,-1
6347,5
6348,1
6349,0
6350,1
6351,2
6352,1
6353,-1
6354,5
6355,3
6356,5
6357,3
6358,5
6359,1
6360,3
6361,-1
6362,4
6363,3
6364,-1
6365,4
6366,-1
6367,1
6368,2
6369,2
6370,2
6371,0
6372,1
6373,1
6374,-1
6375,1
6376,3
6377,1
6378,5
6379,2
6380,0
6381,4
6382,0
6383,1
6384,3
6385,1
6386,3
6387,1
6388,2
6389,5
6390,2
6391,3
6392,1
6393,0
6394,1
6395,2
6396,5
6397,5
6398,3
6399,-1
6400,4
6401,5
6402,2
6403,1
6404,2
6405,0
6406,1
6407,0
6408,5
6409,1
6410,1
6411,1
6412,-1
6413,5
6414,0
6415,4
6416,1
6417,-1
6418,1
6419,1
6420,0
6421,5
6422,-1
6423,3
6424,3
6425,5
6426,1
6427,0
6428,0
6429,4
6430,0
6431,1
6432,5
6433,1
6434,2
6435,1
6436,3
6437,3
6438,-1
6439,2
6440,-1
6441,4
6442,3
6443,5
6444,2
6445,2
6446,0
6447,2
6448,-1
6449,4
6450,1
6451,3
6452,-1
6453,4
6454,2
6455,5
6456,5
6457,0
6458,4
6459,5
6460,3
6461,3
6462,2
6463,3
6464,2
6465,2
6466,0
6467,3
6468,1
6469,2
6470,3
6471,3
6472,0
6473,0
6474,3
6475,2
6476,5
6477,2
6478,4
6479,-1
6480,3
6481,5
6482,3
6483,2
6484,5
6485,5
6486,0
6487,2
6488,4
6489,0
6490,4
6491,2
6492,1
6493,0
6494,0
6495,3
6496,0
6497,3
6498,3
6499,5
6500,0
6501,3
6502,1
6503,2
6504,0
6505,5
6506,1
6507,2
6508,1
6509,3
6510,4
6511,5
6512,-1
6513,5
6514,4
6515,1
6516,2
6517,0
6518,2
6519,2
6520,2
6521,5
6522,2
6523,3
6524,2
6525,4
6526,5
6527,5
6528,1
6529,1
6530,3
6531,2
6532,5
6533,5
6534,2
6535,0
6536,2
6537,4
6538,1
6539,4
6540,0
6541,5
6542,-1
6543,1
6544,2
6545,-1
6546,5
6547,-1
6548,-1
6549,5
6550,1
6551,1
6552,3
6553,1
6554,5
6555,0
6556,1
6557,2
6558,5
6559,4
6560,3
6561,2
6562,3
6563,2
6564,2
6565,3
6566,1
6567,0
6568,0
6569,2
6570,4
6571,5
6572,0
6573,-1
6574,0
6575,3
6576,4
6577,-1
6578,1
6579,-1
6580,0
6581,2
6582,2
6583,3
6584,3
6585,-1
6586,1
6587,5
6588,2
6589,4
6590,2
6591,1
6592,-1
6593,5
6594,5
6595,3
6596,2
6597,3
6598,1
6599,4
6600,2
6601,2
6602,-1
6603,0
6604,4
6605,5
6606,4
6607,4
6608,2
6609,-1
6610,3
6611,2
6612,1
6613,4
6614,1
6615,0
6616,0
6617,2
6618,3
6619,3
6620,5
6621,4
6622,5
6623,-1
6624,4
6625,3
6626,4
6627,3
6628,0
6629,0
6630,5
6631,-1
6632,2
6633,3
6634,2
6635,3
6636,0
6637,3
6638,0
6639,3
6640,0
6641,3
6642,2
6643,2
6644,3
6645,2
6646,5
6647,4
6648,5
6649,5
6650,0
6651,2
6652,1
6653,3
6654,3
6655,5
6656,3
6657,0
6658,5
6659,0
6660,-1
6661,-1
6662,1
6663,2
6664,-1
6665,2
6666,4
6667,2
6668,4
6669,4
6670,3
6671,2
6672,1
6673,-1
6674,4
6675,1
6676,5
6677,3
6678,2
6679,1
6680,5
6681,1
6682,2
6683,1
6684,5
6685,0
6686,-1
6687,1
6688,3
6689,0
6690,-1
6691,4
6692,3
6693,0
6694,2
6695,1
6696,-1
6697,1
6698,1
6699,3
6700,4
6701,5
6702,3
6703,1
6704,2
6705,1
6706,5
6707,2
6708,-1
6709,1
6710,0
6711,4
6712,0
6713,5
6714,5
6715,4
6716,3
6717,0
6718,0
6719,4
6720,1
6721,3
6722,5
6723,0
6724,3
6725,-1
6726,-1
6727,2
6728,0
6729,3
6730,1
6731,1
6732,2
6733,3
6734,5
6735,3
6736,-1
6737,4
6738,3
6739,2
6740,1
6741,2
6742,1
6743,3
6744,5
6745,0
6746,1
6747,2
6748,0
6749,1
6750,4
6751,4
6752,1
6753,0
6754,4
6755,3
6756,1
6757,1
6758,2
6759,3
6760,1
6761,1
6762,4
6763,2
6764,0
6765,4
6766,-1
6767,2
6768,3
6769,2
6770,-1
6771,0
6772,2
6773,-1
6774,4
6775,4
6776,1
6777,2
6778,-1
6779,3
6780,-1
6781,3
6782,0
6783,3
6784,1
6785,-1
6786,5
6787,1
6788,5
6789,4
6790,4
6791,5
6792,0
6793,5
6794,-1
6795,-1
6796,-1
6797,0
6798,-1
6799,0
6800,4
6801,-1
6802,3
6803,0
6804,0
6805,2
6806,5
6807,2
6808,5
6809,5
6810,0
6811,2
6812,3
6813,3
6814,1
6815,4
6816,5
6817,0
6818,3
6819,-1
6820,5
6821,2
6822,3
6823,2
6824,5
6825,0
6826,4
6827,4
6828,1
6829,-1
6830,5
6831,4
6832,2
6833,4
6834,-1
6835,1
6836,4
6837,5
6838,0
6839,1
6840,5
6841,5
6842,0
6843,3
6844,4
6845,2
6846,3
6847,2
6848,4
6849,5
6850,4
6851,3
6852,3
6853,3
6854,4
6855,2
6856,2
6857,3
6858,5
6859,3
6860,5
6861,3
6862,3
6863,3
6864,0
6865,-1
6866,1
6867,4
6868,-1
6869,3
6870,3
6871,-1
6872,1
6873,1
6874,5
6875,-1
6876,4
6877,4
6878,4
6879,4
6880,2
6881,5
6882,3
6883,0
6884,-1
6885,4
6886,3
6887,2
6888,5
6889,4
6890,4
6891,5
6892,4
6893,5
6894,-1
6895,5
6896,-1
6897,3
6898,3
6899,3
6900,5
6901,-1
6902,3
6903,3
6904,3
6905,1
6906,1
6907,3
6908,1
6909,3
6910,3
6911,3
6912,3
6913,0
6914,2
6915,1
6916,2
6917,1
6918,1
6919,1
6920,-1
6921,2
6922,2
6923,3
6924,5
6925,2
6926,3
6927,4
6928,3
6929,-1
6930,3
6931,3
6932,4
6933,4
6934,0
6935,4
6936,2
6937,3
6938,3
6939,1
6940,0
6941,2
6942,4
6943,3
6944,-1
6945,1
6946,3
6947,-1
6948,2
6949,1
6950,5
6951,4
6952,0
6953,1
6954,-1
6955,2
6956,2
6957,2
6958,0
6959,3
6960,4
6961,1
6962,0
6963,0
6964,2
6965,3
6966,4
6967,2
6968,3
6969,2
6970,4
6971,0
6972,-1
6973,0
6974,5
6975,-1
6976,1
6977,0
6978,2
6979,1
6980,-1
6981,5
6982,2
6983,3
6984,2
6985,4
6986,1
6987,0
6988,3
6989,5
6990,5
6991,5
6992,5
6993,4
6994,5
6995,4
6996,1
6997,1
6998,3
6999,-1
7000,4
7001,5
7002,2
7003,5
7004,1
7005,5
7006,2
7007,5
7008,-1
7009,4
7010,5
7011,0
7012,2
7013,5
7014,1
7015,3
7016,-1
7017,0
7018,2
7019,5
7020,1
7021,-1
7022,1
7023,0
7024,4
7025,4
7026,5
7027,2
7028,3
7029,3
7030,3
7031,3
7032,3
7033,1
7034,4
7035,4
7036,5
7037,3
7038,3
7039,4
7040,4
7041,-1
7042,2
7043,2
7044,-1
7045,4
7046,1
7047,1
7048,2
7049,3
7050,4
7051,2
7052,3
7053,5
7054,0
7055,0
7056,1
7057,1
7058,4
7059,4
7060,2
7061,1
7062,2
7063,0
7064,2
7065,0
7066,1
7067,0
7068,4
7069,4
7070,2
7071,4
7072,2
7073,1
7074,3
7075,4
7076,5
7077,0
7078,2
7079,-1
7080,4
7081,0
7082,4
7083,0
7084,2
7085,5
7086,4
7087,5
7088,-1
7089,4
7090,2
7091,1
7092,3
7093,3
7094,5
7095,3
7096,1
7097,0
7098,4
7099,4
7100,0
7101,-1
7102,4
7103,-1
7104,3
7105,0
7106,4
7107,4
7108,2
7109,3
7110,0
7111,2
7112,5
7113,0
7114,4
7115,2
7116,0
7117,2
7118,3
7119,3
7120,3
7121,-1
7122,0
7123,0
7124,3
7125,4
7126,2
7127,5
7128,4
7129,3
7130,4
7131,0
7132,-1
7133,1
7134,5
7135,2
7136,2
7137,2
7138,3
7139,4
7140,3
7141,-1
7142,3
7143,0
7144,-1
7145,-1
7146,-1
7147,-1
7148,5
7149,2
7150,5
7151,0
7152,4
7153,3
7154,-1
7155,5
7156,1
7157,2
7158,4
7159,4
7160,5
7161,4
7162,4
7163,1
7164,1
7165,1
7166,3
7167,5
7168,3
7169,3
7170,2
7171,1
7172,0
7173,-1
7174,2
7175,1
7176,2
7177,0
7178,5
7179,1
7180,1
7181,1
7182,4
7183,4
7184,1
7185,3
7186,5
7187,4
7188,3
7189,3
7190,1
7191,5
7192,0
7193,2
7194,5
7195,3
7196,2
7197,1
7198,2
7199,3
7200,1
7201,4
7202,3
7203,4
7204,3
7205,1
7206,-1
7207,4
7208,4
7209,1
7210,3
7211,1
7212,2
7213,1
7214,3
7215,-1
7216,2
7217,5
7218,4
7219,3
7220,3
7221,0
7222,3
7223,0
7224,3
7225,1
7226,1
7227,5
7228,1
7229,4
7230,3
7231,1
7232,4
7233,3
7234,5
7235,2
7236,3
7237,1
7238,2
7239,0
7240,0
7241,5
7242,2
7243,4
7244,1
7245,4
7246,3
7247,0
7248,0
7249,0
7250,4
7251,2
7252,2
7253,-1
7254,4
7255,0
7256,5
7257,4
7258,0
7259,1
7260,2
7261,3
7262,-1
7263,1
7264,3
7265,1
7266,4
7267,4
7268,2
7269,0
7270,-1
7271,5
7272,-1
7273,5
7274,5
7275,3
7276,3
7277,4
7278,1
7279,4
7280,0
7281,-1
7282,1
7283,-1
7284,5
7285,1
7286,2
7287,-1
7288,4
7289,4
7290,1
7291,5
7292,1
7293,-1
7294,-1
7295,0
7296,2
7297,3
7298,3
7299,3
7300,0
7301,-1
7302,1
7303,5
7304,4
7305,3
7306,2
7307,5
7308,5
7309,2
7310,5
7311,4
7312,3
7313,5
7314,4
7315,-1
7316,5
7317,5
7318,1
7319,1
7320,1
7321,1
7322,1
7323,0
7324,5
7325,5
7326,4
7327,3
7328,1
7329,2
7330,1
7331,4
7332,1
7333,5
7334,-1
7335,-1
7336,2
7337,2
7338,2
7339,3
7340,2
7341,5
7342,2
7343,2
7344,-1
7345,0
7346,5
7347,5
7348,2
7349,-1
7350,4
7351,-1
7352,3
7353,0
7354,5
7355,2
7356,3
7357,1
7358,2
7359,4
7360,5
7361,1
7362,0
7363,-1
7364,1
7365,1
7366,0
7367,3
7368,1
7369,-1
7370,4
7371,4
7372,2
7373,3
7374,4
7375,0
7376,3
7377,3
7378,5
7379,0
7380,5
7381,4
7382,1
7383,4
7384,4
7385,2
7386,5
7387,2
7388,-1
7389,0
7390,5
7391,5
7392,0
7393,-1
7394,0
7395,3
7396,2
7397,-1
7398,1
7399,5
7400,4
7401,0
7402,5
7403,5
7404,4
7405,1
7406,1
7407,3
7408,3
7409,-1
7410,5
7411,3
7412,4
7413,2
7414,2
7415,0
7416,3
7417,1
7418,1
7419,4
7420,4
7421,5
7422,-1
7423,0
7424,5
7425,4
7426,0
7427,4
7428,2
7429,3
7430,4
7431,0
7432,5
7433,1
7434,1
7435,0
7436,0
7437,1
7438,0
7439,3
7440,5
7441,0
7442,2
7443,5
7444,4
7445,0
7446,4
7447,4
7448,0
7449,4
7450,3
7451,2
7452,2
7453,3
7454,4
7455,-1
7456,5
7457,5
7458,1
7459,4
7460,2
7461,1
7462,5
7463,0
7464,5
7465,1
7466,0
7467,1
7468,2
7469,2
7470,2
7471,5
7472,-1
7473,3
7474,4
7475,5
7476,3
7477,3
7478,3
7479,2
7480,2
7481,3
7482,3
7483,1
7484,-1
7485,2
7486,5
7487,-1
7488,4
7489,-1
7490,0
7491,1
7492,0
7493,5
7494,3
7495,1
7496,1
7497,5
7498,1
7499,5
7500,0
7501,4
7502,3
7503,1
7504,-1
7505,-1
7506,4
7507,-1
7508,-1
7509,5
7510,1
7511,3
7512,5
7513,5
7514,1
7515,0
7516,0
7517,2
7518,-1
7519,2
7520,-1
7521,2
7522,1
7523,2
7524,2
7525,1
7526,3
7527,5
7528,2
7529,3
7530,1
7531,5
7532,4
7533,1
7534,3
7535,2
7536,1
7537,5
7538,4
7539,-1
7540,1
7541,0
7542,4
7543,1
7544,2
7545,4
7546,2
7547,5
7548,1
7549,-1
7550,1
7551,4
7552,0
7553,2
7554,3
7555,2
7556,1
7557,3
7558,0
7559,3
7560,5
7561,4
7562,2
7563,1
7564,3
7565,-1
7566,4
7567,3
7568,1
7569,-1
7570,1
7571,1
7572,3
7573,4
7574,0
7575,1
7576,0
7577,0
7578,1
7579,2
7580,5
7581,0
7582,0
7583,2
7584,1
7585,5
7586,2
7587,2
7588,4
7589,1
7590,3
7591,4
7592,1
7593,5
7594,0
7595,1
7596,1
7597,-1
7598,1
7599,-1
7600,2
7601,5
7602,5
7603,0
7604,3
7605,4
7606,0
7607,5
7608,-1
7609,3
7610,0
7611,0
7612,2
7613,1
7614,2
7615,3
7616,3
7617,0
7618,-1
7619,1
7620,0
7621,3
7622,5
7623,5
7624,1
7625,5
7626,3
7627,4
7628,3
7629,4
7630,1
7631,4
7632,3
7633,2
7634,4
7635,2
7636,1
7637,5
7638,1
7639,4
7640,-1
7641,2
7642,4
7643,4
7644,2
7645,0
7646,1
7647,3
7648,2
7649,0
7650,1
7651,4
7652,3
7653,0
7654,5
7655,5
7656,4
7657,-1
7658,3
7659,0
7660,0
7661,1
7662,2
7663,4
7664,-1
7665,-1
7666,3
7667,2
7668,0
7669,4
7670,3
7671,5
7672,4
7673,4
7674,2
7675,5
7676,3
7677,3
7678,4
7679,0
7680,5
7681,0
7682,1
7683,5
7684,3
7685,4
7686,3
7687,4
7688,1
7689,1
7690,2
7691,3
7692,2
7693,2
7694,5
7695,4
7696,5
7697,1
7698,4
7699,3
7700,0
7701,4
7702,2
7703,2
7704,5
7705,4
7706,-1
7707,1
7708,4
7709,3
7710,3
7711,5
7712,2
7713,5
7714,4
7715,4
7716,0
7717,0
7718,3
7719,3
7720,5
7721,1
7722,5
7723,3
7724,5
7725,1
7726,1
7727,0
7728,5
7729,4
7730,4
7731,3
7732,0
7733,-1
7734,0
7735,4
7736,2
7737,0
7738,3
7739,2
7740,-1
7741,3
7742,0
7743,3
7744,-1
7745,5
7746,5
7747,1
7748,5
7749,0
7750,4
7751,4
7752,-1
7753,0
7754,4
7755,-1
7756,1
7757,3
7758,0
7759,0
7760,-1
7761,0
7762,3
7763,5
7764,1
7765,4
7766,1
7767,4
7768,1
7769,4
7770,2
7771,-1
7772,4
7773,0
7774,0
7775,5
7776,5
7777,5
7778,3
7779,1
7780,0
7781,0
7782,0
7783,0
7784,2
7785,3
7786,3
7787,4
7788,4
7789,5
7790,2
7791,1
7792,1
7793,0
7794,1
7795,3
7796,-1
7797,-1
7798,1
7799,1
7800,4
7801,4
7802,5
7803,2
7804,2
7805,5
7806,1
7807,4
7808,3
7809,5
7810,1
7811,0
7812,3
7813,5
7814,4
7815,3
7816,3
7817,0
7818,2
7819,1
7820,2
7821,3
7822,5
7823,3
7824,5
7825,5
7826,4
7827,5
7828,5
7829,0
7830,5
7831,1
7832,2
7833,-1
7834,0
7835,5
7836,2
7837,5
7838,1
7839,0
7840,2
7841,4
7842,2
7843,5
7844,-1
7845,2
7846,3
7847,1
7848,4
7849,2
7850,1
7851,1
7852,1
7853,2
7854,1
7855,1
7856,1
7857,3
7858,3
7859,1
7860,1
7861,4
7862,5
7863,5
7864,3
7865,2
7866,4
7867,2
7868,4
7869,2
7870,0
7871,1
7872,3
7873,4
7874,0
7875,1
7876,3
7877,1
7878,1
7879,4
7880,0
7881,1
7882,4
7883,0
7884,3
7885,-1
7886,5
7887,-1
7888,4
7889,2
7890,-1
7891,-1
7892,3
7893,2
7894,1
7895,2
7896,5
7897,2
7898,1
7899,4
7900,-1
7901,3
7902,3
7903,1
7904,3
7905,2
7906,-1
7907,1
7908,1
7909,2
7910,4
7911,4
7912,3
7913,3
7914,3
7915,-1
7916,1
7917,1
7918,-1
7919,-1
7920,3
7921,3
7922,5
7923,0
7924,4
7925,0
7926,4
7927,3
7928,5
7929,1
7930,2
7931,2
7932,3
7933,4
7934,2
7935,5
7936,-1
7937,1
7938,0
7939,-1
7940,-1
7941,4
7942,1
7943,5
7944,3
7945,-1
7946,-1
7947,2
7948,0
7949,4
7950,1
7951,1
7952,0
7953,3
7954,2
7955,3
7956,2
7957,2
7958,0
7959,1
7960,4
7961,5
7962,2
7963,4
7964,4
7965,2
7966,3
7967,0
7968,2
7969,1
7970,2
7971,4
7972,-1
7973,2
7974,0
7975,1
7976,3
7977,4
7978,0
7979,3
7980,3
7981,3
7982,1
7983,4
7984,4
7985,0
7986,4
7987,4
7988,0
7989,3
7990,0
7991,2
7992,1
7993,3
7994,0
7995,5
7996,4
7997,2
7998,5
7999,1
8000,0
8001,-1
8002,1
8003,3
8004,3
8005,5
8006,2
8007,5
8008,0
8009,1
8010,0
8011,1
8012,-1
8013,3
8014,2
8015,3
8016,1
8017,-1
8018,-1
8019,0
8020,4
8021,3
8022,0
8023,2
8024,5
8025,0
8026,1
8027,0
8028,5
8029,1
8030,0
8031,1
8032,5
8033,1
8034,3
8035,0
8036,4
8037,3
8038,3
8039,4
8040,2
8041,1
8042,3
8043,3
8044,1
8045,1
8046,4
8047,5
8048,2
8049,0
8050,1
8051,5
8052,4
8053,-1
8054,0
8055,2
8056,2
8057,0
8058,3
8059,5
8060,5
8061,2
8062,3
8063,3
8064,4
8065,0
8066,5
8067,4
8068,4
8069,1
8070,2
8071,1
8072,4
8073,3
8074,-1
8075,3
8076,4
8077,3
8078,2
8079,4
8080,0
8081,1
8082,3
8083,1
8084,5
8085,5
8086,1
8087,4
8088,4
8089,4
8090,1
8091,4
8092,-1
8093,1
8094,1
8095,3
8096,0
8097,5
8098,5
8099,1
8100,-1
8101,-1
8102,5
8103,2
8104,0
8105,2
8106,2
8107,2
8108,4
8109,3
8110,4
8111,1
8112,0
8113,3
8114,2
8115,3
8116,2
8117,3
8118,1
8119,1
8120,2
8121,2
8122,0
8123,3
8124,4
8125,4
8126,0
8127,1
8128,2
8129,3
8130,5
8131,3
8132,5
8133,5
8134,5
8135,4
8136,3
8137,0
8138,4
8139,2
8140,0
8141,3
8142,2
8143,4
8144,4
8145,5
8146,2
8147,4
8148,1
8149,5
8150,2
8151,5
8152,1
8153,3
8154,3
8155,0
8156,0
8157,3
8158,0
8159,5
8160,5
8161,3
8162,-1
8163,4
8164,-1
8165,4
8166,-1
8167,3
8168,3
8169,0
8170,1
8171,4
8172,4
8173,3
8174,0
8175,-1
8176,4
8177,5
8178,3
8179,-1
8180,0
8181,5
8182,2
8183,3
8184,2
8185,3
8186,4
8187,-1
8188,5
8189,2
8190,1
8191,0
8192,4
8193,-1
8194,4
8195,2
8196,0
8197,2
8198,1
8199,3
8200,4
8201,3
8202,0
8203,4
8204,5
8205,0
8206,2
8207,4
8208,5
8209,0
8210,1
8211,1
8212,1
8213,0
8214,5
8215,2
8216,1
8217,3
8218,0
8219,3
8220,-1
8221,1
8222,1
8223,5
8224,3
8225,2
8226,3
8227,2
8228,0
8229,-1
8230,-1
8231,5
8232,3
8233,0
8234,0
8235,-1
8236,3
8237,5
8238,4
8239,2
8240,1
8241,4
8242,3
8243,5
8244,0
8245,1
8246,0
8247,3
8248,-1
8249,-1
8250,5
8251,1
8252,-1
8253,1
8254,5
8255,5
8256,2
8257,0
8258,0
8259,3
8260,5
8261,4
8262,3
8263,3
8264,2
8265,2
8266,0
8267,5
8268,0
8269,2
8270,2
8271,0
8272,3
8273,3
8274,1
8275,0
8276,3
8277,1
8278,5
8279,4
8280,2
8281,3
8282,4
8283,3
8284,3
8285,3
8286,1
8287,4
8288,2
8289,2
8290,4
8291,3
8292,3
8293,3
8294,0
8295,3
8296,0
8297,2
8298,2
8299,0
8300,2
8301,2
8302,4
8303,5
8304,4
8305,5
8306,0
8307,0
8308,4
8309,0
8310,5
8311,5
8312,2
8313,2
8314,3
8315,2
8316,4
8317,3
8318,-1
8319,2
8320,5
8321,5
8322,1
8323,4
8324,3
8325,2
8326,3
8327,5
8328,3
8329,5
8330,3
8331,5
8332,0
8333,5
8334,1
8335,1
8336,3
8337,0
8338,5
8339,0
8340,2
8341,4
8342,2
8343,0
8344,1
8345,0
8346,2
8347,3
8348,5
8349,0
8350,3
8351,4
8352,3
8353,0
8354,5
8355,0
8356,4
8357,0
8358,3
8359,3
8360,5
8361,1
8362,4
8363,0
8364,2
8365,3
8366,1
8367,1
8368,4
8369,5
8370,4
8371,5
8372,4
8373,3
8374,1
8375,2
8376,2
8377,4
8378,5
8379,-1
8380,3
8381,0
8382,2
8383,0
8384,2
8385,2
8386,4
8387,1
8388,1
8389,2
8390,4
8391,2
8392,5
8393,3
8394,2
8395,2
8396,1
8397,2
8398,3
8399,2
8400,0
8401,4
8402,4
8403,1
8404,2
8405,0
8406,4
8407,2
8408,1
8409,0
8410,5
8411,-1
8412,4
8413,5
8414,-1
8415,4
8416,5
8417,4
8418,1
8419,2
8420,0
8421,-1
8422,-1
8423,1
8424,2
8425,4
8426,1
8427,4
8428,3
8429,1
8430,4
8431,5
8432,1
8433,3
8434,5
8435,1
8436,0
8437,1
8438,3
8439,5
8440,-1
8441,0
8442,3
8443,1
8444,3
8445,5
8446,3
8447,1
8448,0
8449,3
8450,2
8451,2
8452,-1
8453,3
8454,0
8455,3
8456,5
8457,3
8458,3
8459,3
8460,-1
8461,5
8462,3
8463,4
8464,4
8465,2
8466,-1
8467,5
8468,4
8469,2
8470,4
8471,0
8472,2
8473,3
8474,2
8475,1
8476,4
8477,3
8478,4
8479,3
8480,2
8481,5
8482,-1
8483,2
8484,2
8485,2
8486,1
8487,5
8488,5
8489,5
8490,3
8491,4
8492,2
8493,4
8494,4
8495,3
8496,0
8497,2
8498,2
8499,5
8500,3
8501,4
8502,3
8503,5
8504,1
8505,-1
8506,5
8507,1
8508,3
8509,1
8510,2
8511,3
8512,4
8513,1
8514,1
8515,2
8516,4
8517,3
8518,5
8519,2
8520,1
8521,4
8522,2
8523,3
8524,2
8525,-1
8526,4
8527,2
8528,1
8529,3
8530,3
8531,1
8532,1
8533,2
8534,2
8535,3
8536,2
8537,4
8538,3
8539,2
8540,1
8541,1
8542,4
8543,3
8544,0
8545,-1
8546,5
8547,3
8548,2
8549,1
8550,3
8551,3
8552,0
8553,3
8554,-1
8555,2
8556,1
8557,5
8558,2
8559,5
8560,1
8561,1
8562,5
8563,0
8564,0
8565,3
8566,4
8567,4
8568,3
8569,-1
8570,3
8571,2
8572,1
8573,5
8574,1
8575,3
8576,4
8577,3
8578,1
8579,-1
8580,5
8581,4
8582,2
8583,5
8584,-1
8585,3
8586,3
8587,3
8588,2
8589,1
8590,-1
8591,3
8592,1
8593,0
8594,3
8595,0
8596,5
8597,3
8598,4
8599,3
8600,5
8601,-1
8602,4
8603,0
8604,0
8605,5
8606,0
8607,3
8608,5
8609,3
8610,1
8611,4
8612,4
8613,4
8614,1
8615,0
8616,2
8617,3
8618,3
8619,1
8620,1
8621,4
8622,2
8623,-1
8624,-1
8625,3
8626,3
8627,3
8628,0
8629,2
8630,4
8631,0
8632,-1
8633,-1
8634,3
8635,5
8636,1
8637,3
8638,0
8639,4
8640,4
8641,1
8642,5
8643,5
8644,1
8645,1
8646,0
8647,5
8648,-1
8649,2
8650,3
8651,0
8652,4
8653,4
8654,-1
8655,2
8656,5
8657,1
8658,3
8659,3
8660,2
8661,1
8662,2
8663,3
8664,0
8665,-1
8666,5
8667,4
8668,4
8669,5
8670,1
8671,-1
8672,-1
8673,3
8674,1
8675,4
8676,4
8677,-1
8678,1
8679,-1
8680,4
8681,-1
8682,0
8683,3
8684,3
8685,-1
8686,-1
8687,2
8688,1
8689,1
8690,5
8691,4
8692,1
8693,3
8694,3
8695,0
8696,1
8697,5
8698,1
8699,5
8700,2
8701,0
8702,3
8703,3
8704,0
8705,-1
8706,0
8707,2
8708,2
8709,2
8710,0
8711,5
8712,1
8713,2
8714,1
8715,4
8716,1
8717,3
8718,3
8719,2
8720,5
8721,5
8722,5
8723,2
8724,4
8725,-1
8726,0
8727,2
8728,0
8729,0
8730,4
8731,1
8732,3
8733,3
8734,4
8735,2
8736,3
8737,1
8738,2
8739,3
8740,2
8741,3
8742,1
8743,-1
8744,3
8745,2
8746,3
8747,-1
8748,2
8749,2
8750,-1
8751,1
8752,2
8753,4
8754,5
8755,0
8756,3
8757,-1
8758,4
8759,-1
8760,0
8761,3
8762,3
8763,0
8764,2
8765,4
8766,4
8767,2
8768,3
8769,4
8770,-1
8771,2
8772,5
8773,4
8774,5
8775,4
8776,5
8777,4
8778,-1
8779,4
8780,2
8781,0
8782,3
8783,4
8784,2
8785,3
8786,1
8787,4
8788,4
8789,1
8790,2
8791,5
8792,3
8793,4
8794,0
8795,0
8796,1
8797,4
8798,0
8799,0
8800,0
8801,5
8802,1
8803,1
8804,4
8805,3
8806,4
8807,4
8808,2
8809,2
8810,0
8811,0
8812,0
8813,3
8814,2
8815,3
8816,1
8817,-1
8818,5
8819,-1
8820,1
8821,2
8822,4
8823,4
8824,5
8825,1
8826,4
8827,1
8828,5
8829,5
8830,0
8831,5
8832,0
8833,4
8834,1
8835,3
8836,5
8837,3
8838,3
8839,0
8840,3
8841,4
8842,1
8843,1
8844,-1
8845,1
8846,0
8847,1
8848,5
8849,4
8850,5
8851,2
8852,5
8853,1
8854,4
8855,4
8856,5
8857,1
8858,2
8859,1
8860,1
8861,1
8862,5
8863,4
8864,3
8865,4
8866,4
8867,5
8868,0
8869,0
8870,-1
8871,1
8872,4
8873,3
8874,0
8875,2
8876,1
8877,5
8878,5
8879,2
8880,4
8881,2
8882,4
8883,5
8884,2
8885,-1
8886,2
8887,-1
8888,2
8889,4
8890,3
8891,1
8892,2
8893,4
8894,1
8895,1
8896,3
8897,-1
8898,3
8899,3
8900,0
8901,1
8902,0
8903,4
8904,5
8905,2
8906,4
8907,1
8908,4
8909,-1
8910,3
8911,3
8912,2
8913,2
8914,3
8915,-1
8916,3
8917,4
8918,3
8919,0
8920,1
8921,1
8922,4
8923,5
8924,3
8925,0
8926,0
8927,1
8928,3
8929,-1
8930,3
8931,-1
8932,0
8933,0
8934,5
8935,1
8936,4
8937,4
8938,3
8939,-1
8940,5
8941,4
8942,0
8943,2
8944,4
8945,-1
8946,5
8947,3
8948,0
8949,-1
8950,0
8951,1
8952,5
8953,0
8954,1
8955,-1
8956,5
8957,-1
8958,3
8959,1
8960,1
8961,4
8962,3
8963,-1
8964,2
8965,2
8966,-1
8967,3
8968,2
8969,4
8970,2
8971,2
8972,5
8973,2
8974,4
8975,2
8976,0
8977,2
8978,4
8979,0
8980,2
8981,4
8982,3
8983,5
8984,1
8985,5
8986,0
8987,3
8988,-1
8989,3
8990,1
8991,3
8992,0
8993,3
8994,4
8995,2
8996,4
8997,3
8998,4
8999,4
9000,5
9001,5
9002,0
9003,5
9004,2
9005,2
9006,4
9007,5
9008,5
9009,5
9010,2
9011,1
9012,4
9013,1
9014,4
9015,3
9016,4
9017,0
9018,1
9019,1
9020,1
9021,0
9022,0
9023,2
9024,1
9025,1
9026,2
9027,4
9028,3
9029,3
9030,1
9031,5
9032,5
9033,2
9034,-1
9035,3
9036,0
9037,0
9038,4
9039,-1
9040,3
9041,1
9042,4
9043,0
9044,5
9045,-1
9046,3
9047,0
9048,3
9049,0
9050,3
9051,0
9052,-1
9053,2
9054,4
9055,4
9056,-1
9057,1
9058,5
9059,2
9060,4
9061,3
9062,0
9063,2
9064,4
9065,4
9066,3
9067,0
9068,0
9069,3
9070,4
9071,3
9072,3
9073,1
9074,2
9075,3
9076,4
9077,4
9078,2
9079,3
9080,2
9081,0
9082,1
9083,3
9084,4
9085,-1
9086,0
9087,2
9088,1
9089,2
9090,5
9091,5
9092,4
9093,2
9094,4
9095,4
9096,2
9097,-1
9098,0
9099,5
9100,3
9101,-1
9102,0
9103,0
9104,3
9105,3
9106,2
9107,2
9108,1
9109,-1
9110,0
9111,5
9112,4
9113,1
9114,0
9115,-1
9116,2
9117,3
9118,3
9119,2
9120,3
9121,3
9122,2
9123,3
9124,3
9125,5
9126,4
9127,1
9128,-1
9129,5
9130,1
9131,3
9132,0
9133,1
9134,1
9135,5
9136,4
9137,1
9138,2
9139,0
9140,0
9141,1
9142,2
9143,4
9144,-1
9145,3
9146,0
9147,0
9148,-1
9149,1
9150,5
9151,2
9152,-1
9153,5
9154,0
9155,0
9156,4
9157,4
9158,3
9159,3
9160,2
9161,5
9162,5
9163,1
9164,0
9165,3
9166,3
9167,1
9168,2
9169,3
9170,2
9171,4
9172,1
9173,5
9174,5
9175,-1
9176,3
9177,5
9178,4
9179,2
9180,3
9181,-1
9182,1
9183,-1
9184,0
9185,0
9186,2
9187,1
9188,5
9189,0
9190,3
9191,0
9192,0
9193,4
9194,4
9195,1
9196,3
9197,1
9198,3
9199,3
9200,3
9201,1
9202,2
9203,2
9204,5
9205,1
9206,4
9207,4
9208,1
9209,0
9210,4
9211,5
9212,1
9213,-1
9214,4
9215,3
9216,5
9217,0
9218,1
9219,2
9220,4
9221,0
9222,-1
9223,4
9224,2
9225,0
9226,2
9227,3
9228,2
9229,5
9230,4
9231,0
9232,4
9233,2
9234,4
9235,1
9236,4
9237,4
9238,4
9239,0
9240,4
9241,5
9242,1
9243,4
9244,4
9245,5
9246,-1
9247,1
9248,0
9249,3
9250,5
9251,4
9252,1
9253,0
9254,-1
9255,4
9256,5
9257,0
9258,1
9259,5
9260,3
9261,-1
9262,5
9263,-1
9264,5
9265,2
9266,4
9267,3
9268,5
9269,5
9270,2
9271,4
9272,2
9273,3
9274,5
9275,1
9276,4
9277,5
9278,0
9279,2
9280,4
9281,3
9282,5
9283,2
9284,3
9285,5
9286,3
9287,2
9288,3
9289,3
9290,2
9291,2
9292,2
9293,0
9294,4
9295,0
9296,3
9297,5
9298,1
9299,2
9300,4
9301,3
9302,0
9303,3
9304,5
9305,3
9306,0
9307,3
9308,2
9309,4
9310,3
9311,4
9312,0
9313,1
9314,4
9315,2
9316,-1
9317,1
9318,2
9319,5
9320,0
9321,3
9322,1
9323,2
9324,-1
9325,0
9326,-1
9327,4
9328,3
9329,4
9330,4
9331,3
9332,3
9333,4
9334,2
9335,2
9336,2
9337,1
9338,0
9339,1
9340,4
9341,5
9342,5
9343,3
9344,3
9345,2
9346,4
9347,2
9348,0
9349,4
9350,2
9351,4
9352,1
9353,3
9354,2
9355,3
9356,5
9357,4
9358,2
9359,0
9360,4
9361,2
9362,3
9363,4
9364,1
9365,2
9366,2
9367,3
9368,4
9369,0
9370,5
9371,0
9372,4
9373,5
9374,1
9375,5
9376,1
9377,5
9378,3
9379,2
9380,2
9381,2
9382,0
9383,1
9384,1
9385,5
9386,5
9387,2
9388,0
9389,0
9390,0
9391,-1
9392,4
9393,3
9394,3
9395,3
9396,-1
9397,0
9398,2
9399,4
9400,0
9401,2
9402,-1
9403,-1
9404,4
9405,4
9406,5
9407,4
9408,1
9409,0
9410,1
9411,4
9412,4
9413,-1
9414,0
9415,1
9416,1
9417,-1
9418,-1
9419,5
9420,1
9421,1
9422,0
9423,2
9424,4
9425,-1
9426,2
9427,4
9428,-1
9429,-1
9430,5
9431,2
9432,5
9433,5
9434,3
9435,-1
9436,5
9437,4
9438,3
9439,4
9440,5
9441,1
9442,1
9443,1
9444,1
9445,1
9446,1
9447,4
9448,3
9449,2
9450,0
9451,4
9452,4
9453,4
9454,1
9455,5
9456,3
9457,0
9458,4
9459,3
9460,5
9461,4
9462,5
9463,4
9464,2
9465,3
9466,3
9467,1
9468,-1
9469,0
9470,3
9471,3
9472,1
9473,1
9474,-1
9475,4
9476,1
9477,0
9478,5
9479,2
9480,2
9481,2
9482,2
9483,2
9484,2
9485,3
9486,5
9487,0
9488,2
9489,5
9490,0
9491,3
9492,2
9493,2
9494,5
9495,2
9496,3
9497,-1
9498,2
9499,0
9500,4
9501,4
9502,3
9503,4
9504,0
9505,1
9506,0
9507,0
9508,2
9509,-1
9510,5
9511,0
9512,3
9513,2
9514,4
9515,0
9516,5
9517,4
9518,5
9519,0
9520,4
9521,3
9522,5
9523,1
9524,2
9525,1
9526,1
9527,1
9528,0
9529,-1
9530,5
9531,3
9532,1
9533,1
9534,4
9535,3
9536,3
9537,1
9538,4
9539,4
9540,5
9541,3
9542,4
9543,1
9544,5
9545,4
9546,3
9547,1
9548,2
9549,-1
9550,0
9551,0
9552,3
9553,0
9554,-1
9555,4
9556,-1
9557,4
9558,-1
9559,1
9560,1
9561,0
9562,4
9563,0
9564,0
9565,0
9566,3
9567,4
9568,2
9569,5
9570,2
9571,1
9572,5
9573,4
9574,3
9575,0
9576,4
9577,4
9578,-1
9579,3
9580,1
9581,2
9582,2
9583,5
9584,0
9585,3
9586,1
9587,1
9588,3
9589,5
9590,1
9591,3
9592,4
9593,3
9594,-1
9595,3
9596,1
9597,2
9598,2
9599,2
9600,2
9601,2
9602,5
9603,0
9604,2
9605,2
9606,0
9607,3
9608,3
9609,3
9610,4
9611,0
9612,0
9613,-1
9614,5
9615,0
9616,5
9617,0
9618,-1
9619,-1
9620,2
9621,1
9622,4
9623,5
9624,-1
9625,3
9626,-1
9627,3
9628,1
9629,4
9630,1
9631,0
9632,3
9633,3
9634,2
9635,2
9636,5
9637,-1
9638,4
9639,3
9640,5
9641,0
9642,4
9643,2
9644,3
9645,3
9646,0
9647,3
9648,0
9649,3
9650,1
9651,1
9652,-1
9653,5
9654,4
9655,5
9656,0
9657,3
9658,4
9659,-1
9660,2
9661,4
9662,1
9663,3
9664,2
9665,3
9666,3
9667,1
9668,2
9669,-1
9670,3
9671,5
9672,5
9673,3
9674,2
9675,1
9676,1
9677,4
9678,2
9679,2
9680,5
9681,4
9682,5
9683,5
9684,3
9685,1
9686,1
9687,5
9688,5
9689,4
9690,3
9691,2
9692,-1
9693,3
9694,1
9695,0
9696,2
9697,-1
9698,2
9699,3
9700,0
9701,4
9702,5
9703,5
9704,0
9705,2
9706,3
9707,5
9708,4
9709,4
9710,1
9711,4
9712,2
9713,3
9714,0
9715,3
9716,2
9717,2
9718,4
9719,5
9720,4
9721,5
9722,4
9723,3
9724,3
9725,0
9726,1
9727,4
9728,5
9729,3
9730,2
9731,0
9732,-1
9733,2
9734,5
9735,3
9736,1
9737,1
9738,4
9739,2
9740,4
9741,3
9742,1
9743,0
9744,3
9745,4
9746,1
9747,2
9748,0
9749,3
9750,4
9751,4
9752,3
9753,0
9754,0
9755,5
9756,3
9757,4
9758,0
9759,4
9760,0
9761,2
9762,2
9763,4
9764,3
9765,1
9766,4
9767,5
9768,1
9769,0
9770,0
9771,2
9772,1
9773,2
9774,2
9775,5
9776,1
9777,1
9778,2
9779,0
9780,5
9781,1
9782,5
9783,5
9784,-1
9785,2
9786,2
9787,-1
9788,0
9789,1
9790,5
9791,1
9792,3
9793,-1
9794,1
9795,1
9796,3
9797,0
9798,3
9799,4
9800,-1
9801,4
9802,4
9803,2
9804,-1
9805,0
9806,2
9807,4
9808,5
9809,4
9810,5
9811,1
9812,2
9813,3
9814,3
9815,5
9816,0
9817,4
9818,3
9819,2
9820,4
9821,5
9822,0
9823,1
9824,0
9825,2
9826,4
9827,5
9828,4
9829,0
9830,0
9831,0
9832,5
9833,5
9834,2
9835,0
9836,1
9837,0
9838,4
9839,2
9840,4
9841,2
9842,3
9843,1
9844,4
9845,1
9846,4
9847,4
9848,0
9849,5
9850,2
9851,5
9852,5
9853,0
9854,1
9855,3
9856,0
9857,0
9858,4
9859,-1
9860,3
9861,2
9862,4
9863,0
9864,4
9865,3
9866,0
9867,4
9868,4
9869,3
9870,3
9871,3
9872,4
9873,2
9874,1
9875,2
9876,3
9877,3
9878,4
9879,5
9880,2
9881,5
9882,3
9883,2
9884,3
9885,0
9886,2
9887,4
9888,1
9889,2
9890,0
9891,1
9892,5
9893,1
9894,-1
9895,5
9896,5
9897,0
9898,2
9899,-1
9900,3
9901,4
9902,1
9903,1
9904,0
9905,3
9906,4
9907,3
9908,5
9909,4
9910,-1
9911,3
9912,-1
9913,0
9914,1
9915,1
9916,3
9917,5
9918,4
9919,2
9920,0
9921,0
9922,4
9923,1
9924,5
9925,2
9926,3
9927,-1
9928,4
9929,5
9930,4
9931,2
9932,-1
9933,2
9934,1
9935,3
9936,2
9937,2
9938,1
9939,5
9940,3
9941,0
9942,4
9943,0
9944,0
9945,3
9946,3
9947,4
9948,3
9949,3
9950,4
9951,3
9952,2
9953,2
9954,2
9955,4
9956,4
9957,0
9958,3
9959,2
9960,4
9961,-1
9962,2
9963,0
9964,1
9965,5
9966,-1
9967,3
9968,5
9969,5
9970,2
9971,3
9972,5
9973,2
9974,5
9975,2
9976,5
9977,3
9978,1
9979,2
9980,2
9981,3
9982,0
9983,4
9984,1
9985,0
9986,2
9987,1
9988,5
9989,3
9990,5
9991,0
9992,0
9993,4
9994,0
9995,2
9996,0
9997,3
9998,2
9999,2
